INSERT INTO `sys_permission`(`name`, `platform`, `type`, `method`, `data`, `remark`) VALUES ('admin_home_income', 3, 1, 1, '/admin/home/income', '获取管理端收益数据');
INSERT INTO `sys_permission`(`name`, `platform`, `type`, `method`, `data`, `remark`) VALUES ('admin_home_statistics', 3, 1, 1, '/admin/home/statistics', '获取管理端统计数据');
INSERT INTO `sys_permission`(`name`, `platform`, `type`, `method`, `data`, `remark`) VALUES ('admin_system_ad_add', 3, 1, 2, '/system/ad/add', '增加广告');
INSERT INTO `sys_permission`(`name`, `platform`, `type`, `method`, `data`, `remark`) VALUES ('admin_system_ad_delete', 3, 1, 4, '/system/ad/delete', '删除广告');
INSERT INTO `sys_permission`(`name`, `platform`, `type`, `method`, `data`, `remark`) VALUES ('admin_system_ad_list', 3, 1, 1, '/system/ad/list', '获取广告列表');
INSERT INTO `sys_permission`(`name`, `platform`, `type`, `method`, `data`, `remark`) VALUES ('admin_system_ad_slot_add', 3, 1, 2, '/system/ad/slot/add', '新增广告位');
INSERT INTO `sys_permission`(`name`, `platform`, `type`, `method`, `data`, `remark`) VALUES ('admin_system_ad_slot_delete', 3, 1, 4, '/system/ad/slot/delete', '删除广告位');
INSERT INTO `sys_permission`(`name`, `platform`, `type`, `method`, `data`, `remark`) VALUES ('admin_system_ad_slot_list', 3, 1, 1, '/system/ad/slot/list', '广告位列表');
INSERT INTO `sys_permission`(`name`, `platform`, `type`, `method`, `data`, `remark`) VALUES ('admin_system_ad_slot_update', 3, 1, 3, '/system/ad/slot/update', '修改广告位');
INSERT INTO `sys_permission`(`name`, `platform`, `type`, `method`, `data`, `remark`) VALUES ('admin_system_ad_update', 3, 1, 3, '/system/ad/update', '更新广告');
INSERT INTO `sys_permission`(`name`, `platform`, `type`, `method`, `data`, `remark`) VALUES ('admin_system_income_add', 3, 1, 2, '/system/income/add', '增加平台收益');
INSERT INTO `sys_permission`(`name`, `platform`, `type`, `method`, `data`, `remark`) VALUES ('admin_system_income_config_add', 3, 1, 2, '/system/income/config/add', '增加平台收益配置');
INSERT INTO `sys_permission`(`name`, `platform`, `type`, `method`, `data`, `remark`) VALUES ('admin_system_income_config_delete', 3, 1, 4, '/system/income/config/delete', '删除平台收益配置');
INSERT INTO `sys_permission`(`name`, `platform`, `type`, `method`, `data`, `remark`) VALUES ('admin_system_income_config_list', 3, 1, 1, '/system/income/config/list', '平台收益配置列表');
INSERT INTO `sys_permission`(`name`, `platform`, `type`, `method`, `data`, `remark`) VALUES ('admin_system_income_config_update', 3, 1, 3, '/system/income/config/update', '修改平台收益配置');
INSERT INTO `sys_permission`(`name`, `platform`, `type`, `method`, `data`, `remark`) VALUES ('admin_system_income_distribution', 3, 1, 2, '/system/income/distribution', '分成结算');
INSERT INTO `sys_permission`(`name`, `platform`, `type`, `method`, `data`, `remark`) VALUES ('admin_system_income_list', 3, 1, 1, '/system/income/list', '平台收益列表');
INSERT INTO `sys_permission`(`name`, `platform`, `type`, `method`, `data`, `remark`) VALUES ('admin_system_income_related', 3, 1, 1, '/system/income/related', '平台收益详细信息');
INSERT INTO `sys_permission`(`name`, `platform`, `type`, `method`, `data`, `remark`) VALUES ('admin_system_income_tip_config_add', 3, 1, 2, '/system/income/tip/config/add', '添加分成配置');
INSERT INTO `sys_permission`(`name`, `platform`, `type`, `method`, `data`, `remark`) VALUES ('admin_system_income_tip_config_delete', 3, 1, 4, '/system/income/tip/config/delete', '删除分成配置');
INSERT INTO `sys_permission`(`name`, `platform`, `type`, `method`, `data`, `remark`) VALUES ('admin_system_income_tip_config_list', 3, 1, 1, '/system/income/tip/config/list', '获取分成配置列表');
INSERT INTO `sys_permission`(`name`, `platform`, `type`, `method`, `data`, `remark`) VALUES ('admin_system_income_tip_config_update', 3, 1, 3, '/system/income/tip/config/update', '更新分成配置');
INSERT INTO `sys_permission`(`name`, `platform`, `type`, `method`, `data`, `remark`) VALUES ('api_statistice_search_content', 2, 1, 1, '/statistics/search/content/{type:article|answer}', '统计单篇内容查询');
INSERT INTO `sys_permission`(`name`, `platform`, `type`, `method`, `data`, `remark`) VALUES ('api_statistice_search_total', 2, 1, 1, '/statistics/search/{type:article|answer}/total', '查询文章/回答总计');
INSERT INTO `sys_permission`(`name`, `platform`, `type`, `method`, `data`, `remark`) VALUES ('api_statistics_income_search_list', 2, 1, 1, '/statistics/income/search/list', '用户收益统计列表');
INSERT INTO `sys_permission`(`name`, `platform`, `type`, `method`, `data`, `remark`) VALUES ('api_statistics_income_search_total', 2, 1, 1, '/statistics/income/search/total', '用户收益统计总计');
INSERT INTO `sys_permission`(`name`, `platform`, `type`, `method`, `data`, `remark`) VALUES ('api_statistics_search_group_date', 2, 1, 1, '/statistics/search/{type:article|answer}/group', '根据日期分组查询统计');
INSERT INTO `sys_permission`(`name`, `platform`, `type`, `method`, `data`, `remark`) VALUES ('api_system_init', 2, 1, 1, '/system/init', '一次获取初始化数据');
INSERT INTO `sys_permission`(`name`, `platform`, `type`, `method`, `data`, `remark`) VALUES ('api_answer_view', 2, 1, 1, '/question/{questionId:\\d+}/answer/{id:\\d+}/view', '记录浏览回答的数据');

INSERT INTO `sys_role_permission`(`role_id`, `permission_name`, `created_user_id`, `created_time`, `created_ip`) VALUES (3, 'admin_system_ad_update', 10016, 1603803328, 3232235530);
INSERT INTO `sys_role_permission`(`role_id`, `permission_name`, `created_user_id`, `created_time`, `created_ip`) VALUES (3, 'admin_system_ad_slot_update', 10016, 1603803326, 3232235530);
INSERT INTO `sys_role_permission`(`role_id`, `permission_name`, `created_user_id`, `created_time`, `created_ip`) VALUES (3, 'admin_system_ad_slot_list', 10016, 1603803323, 3232235530);
INSERT INTO `sys_role_permission`(`role_id`, `permission_name`, `created_user_id`, `created_time`, `created_ip`) VALUES (3, 'admin_system_ad_slot_delete', 10016, 1603803321, 3232235530);
INSERT INTO `sys_role_permission`(`role_id`, `permission_name`, `created_user_id`, `created_time`, `created_ip`) VALUES (3, 'admin_system_ad_list', 10016, 1603803321, 3232235530);
INSERT INTO `sys_role_permission`(`role_id`, `permission_name`, `created_user_id`, `created_time`, `created_ip`) VALUES (3, 'admin_system_ad_slot_add', 10016, 1603803320, 3232235530);
INSERT INTO `sys_role_permission`(`role_id`, `permission_name`, `created_user_id`, `created_time`, `created_ip`) VALUES (3, 'admin_system_ad_delete', 10016, 1603803319, 3232235530);
INSERT INTO `sys_role_permission`(`role_id`, `permission_name`, `created_user_id`, `created_time`, `created_ip`) VALUES (3, 'admin_system_ad_add', 10016, 1603803316, 3232235530);
INSERT INTO `sys_role_permission`(`role_id`, `permission_name`, `created_user_id`, `created_time`, `created_ip`) VALUES (7, 'admin_home_statistics', 10016, 1603710498, 2130706433);
INSERT INTO `sys_role_permission`(`role_id`, `permission_name`, `created_user_id`, `created_time`, `created_ip`) VALUES (7, 'admin_home_income', 10016, 1603710494, 2130706433);
INSERT INTO `sys_role_permission`(`role_id`, `permission_name`, `created_user_id`, `created_time`, `created_ip`) VALUES (3, 'admin_home_income', 10016, 1603710456, 2130706433);
INSERT INTO `sys_role_permission`(`role_id`, `permission_name`, `created_user_id`, `created_time`, `created_ip`) VALUES (3, 'admin_home_statistics', 10016, 1603710456, 2130706433);
INSERT INTO `sys_role_permission`(`role_id`, `permission_name`, `created_user_id`, `created_time`, `created_ip`) VALUES (2, 'admin_system_income_distribution', 10016, 1603699070, 2130706433);
INSERT INTO `sys_role_permission`(`role_id`, `permission_name`, `created_user_id`, `created_time`, `created_ip`) VALUES (3, 'admin_system_income_tip_config_update', 10016, 1603525396, 2130706433);
INSERT INTO `sys_role_permission`(`role_id`, `permission_name`, `created_user_id`, `created_time`, `created_ip`) VALUES (3, 'admin_system_income_tip_config_list', 10016, 1603525395, 2130706433);
INSERT INTO `sys_role_permission`(`role_id`, `permission_name`, `created_user_id`, `created_time`, `created_ip`) VALUES (3, 'admin_system_income_tip_config_add', 10016, 1603525392, 2130706433);
INSERT INTO `sys_role_permission`(`role_id`, `permission_name`, `created_user_id`, `created_time`, `created_ip`) VALUES (3, 'admin_system_income_tip_config_delete', 10016, 1603525392, 2130706433);
INSERT INTO `sys_role_permission`(`role_id`, `permission_name`, `created_user_id`, `created_time`, `created_ip`) VALUES (3, 'admin_system_income_related', 10016, 1603466092, 2130706433);
INSERT INTO `sys_role_permission`(`role_id`, `permission_name`, `created_user_id`, `created_time`, `created_ip`) VALUES (3, 'admin_system_income_list', 10016, 1603421006, 2130706433);
INSERT INTO `sys_role_permission`(`role_id`, `permission_name`, `created_user_id`, `created_time`, `created_ip`) VALUES (3, 'admin_system_income_add', 10016, 1603420994, 2130706433);
INSERT INTO `sys_role_permission`(`role_id`, `permission_name`, `created_user_id`, `created_time`, `created_ip`) VALUES (3, 'admin_system_income_config_update', 10016, 1603291347, 2130706433);
INSERT INTO `sys_role_permission`(`role_id`, `permission_name`, `created_user_id`, `created_time`, `created_ip`) VALUES (3, 'admin_system_income_config_list', 10016, 1603291345, 2130706433);
INSERT INTO `sys_role_permission`(`role_id`, `permission_name`, `created_user_id`, `created_time`, `created_ip`) VALUES (3, 'admin_system_income_config_delete', 10016, 1603291343, 2130706433);
INSERT INTO `sys_role_permission`(`role_id`, `permission_name`, `created_user_id`, `created_time`, `created_ip`) VALUES (3, 'admin_system_income_config_add', 10016, 1603291342, 2130706433);
INSERT INTO `sys_role_permission`(`role_id`, `permission_name`, `created_user_id`, `created_time`, `created_ip`) VALUES (2, 'api_statistics_income_search_total', 10016, 1603126954, 2130706433);
INSERT INTO `sys_role_permission`(`role_id`, `permission_name`, `created_user_id`, `created_time`, `created_ip`) VALUES (2, 'api_statistics_income_search_list', 10016, 1603126952, 2130706433);
INSERT INTO `sys_role_permission`(`role_id`, `permission_name`, `created_user_id`, `created_time`, `created_ip`) VALUES (2, 'api_statistice_search_total', 10016, 1603010931, 2130706433);
INSERT INTO `sys_role_permission`(`role_id`, `permission_name`, `created_user_id`, `created_time`, `created_ip`) VALUES (2, 'api_statistice_search_content', 10016, 1602868578, 2130706433);
INSERT INTO `sys_role_permission`(`role_id`, `permission_name`, `created_user_id`, `created_time`, `created_ip`) VALUES (2, 'api_statistice_search_content_detail', 10016, 1602868577, 2130706433);
INSERT INTO `sys_role_permission`(`role_id`, `permission_name`, `created_user_id`, `created_time`, `created_ip`) VALUES (2, 'api_statistics_search_group_date', 10016, 1602580876, 2130706433);
INSERT INTO `sys_role_permission`(`role_id`, `permission_name`, `created_user_id`, `created_time`, `created_ip`) VALUES (1, 'api_system_init', 10016, 1601953818, 2130706433);
INSERT INTO `sys_role_permission`(`role_id`, `permission_name`, `created_user_id`, `created_time`, `created_ip`) VALUES (1, 'api_answer_view', 10016, 1601918641, 2130706433);

INSERT INTO `sys_ad` VALUES (1, 2, 'Google Adsense', 'ca-pub-3706417744839656', 1, 0, 1603808894, 10016, 2130706433, 1603813260, 2130706433, 10016);
INSERT INTO `sys_ad` VALUES (2, 1, '百度联盟', NULL, 0, 1, 1603812725, 10016, 2130706433, 1603813251, 2130706433, 10016);

INSERT INTO `sys_ad_slot` VALUES (1, 1, '1432657820', 'Adsense 682*280', 682, 280, 'display:block;', 'auto', 1603812143, 10016, 2130706433, 1603812351, 2130706433, 10016);
INSERT INTO `sys_ad_slot` VALUES (2, 1, '1432657820', 'Adsense 292*292', 292, 292, 'display:block;', 'auto', 1603812448, 10016, 2130706433, 1603812626, 2130706433, 10016);
INSERT INTO `sys_ad_slot` VALUES (3, 1, '1432657820', 'Adsense 6:5', 6, 5, 'display:block;', 'auto', 1603812665, 10016, 2130706433, 1603812704, 2130706433, 10016);
INSERT INTO `sys_ad_slot` VALUES (4, 2, 'u6300194', '百度 682*280', 682, 280, NULL, NULL, 1603812779, 10016, 2130706433, 1603812795, 2130706433, 10016);
INSERT INTO `sys_ad_slot` VALUES (5, 2, 'u6300195', '百度 292*292', 292, 292, NULL, NULL, 1603812824, 10016, 2130706433, NULL, 0, 0);
INSERT INTO `sys_ad_slot` VALUES (6, 2, 'u6300197', '百度 6:5', 6, 5, NULL, NULL, 1603812854, 10016, 2130706433, NULL, 0, 0);