/*
 Navicat MySQL Data Transfer

 Source Server         : localhost
 Source Server Type    : MySQL
 Source Server Version : 50641
 Source Host           : localhost
 Source Database       : itellyou

 Target Server Type    : MySQL
 Target Server Version : 50641
 File Encoding         : utf-8

 Date: 05/12/2020 20:25:12 PM
*/

SET NAMES utf8mb4;
delete from user_bank_config;
INSERT INTO `user_bank_config` VALUES ('1', '1', '1', '2', '0', '15', '0', '30', '0', '0', '0', '0', '0', '0', '0', '0', '0', '0', '你被关注', '你关注了别人', '1'), ('1', '1', '2', '2', '0', '15', '0', '50', '0', '0', '0', '0', '0', '0', '0', '0', '0', '0', '问题被关注', '关注了问题', '1'), ('1', '1', '3', '2', '0', '15', '0', '50', '0', '0', '0', '0', '0', '0', '0', '0', '0', '0', '回答被收藏', '收藏了回答', '1'), ('1', '1', '4', '2', '0', '15', '0', '50', '0', '0', '0', '0', '0', '0', '0', '0', '0', '0', '文章被收藏', '收藏了文章', '1'), ('1', '1', '5', '2', '0', '15', '0', '50', '0', '0', '0', '0', '0', '0', '0', '0', '0', '0', '专栏被关注', '关注了专栏', '1'), ('1', '1', '9', '2', '0', '15', '0', '50', '0', '0', '0', '0', '0', '0', '0', '0', '0', '0', '你的标签被关注', '关注了标签', '1'), ('1', '2', '3', '1', '0', '50', '0', '20', '0', '0', '0', '0', '0', '0', '0', '0', '0', '0', '你的回答被点赞了', '赞了回答', '1'), ('1', '2', '4', '1', '0', '50', '0', '20', '0', '0', '0', '0', '0', '0', '0', '0', '0', '0', '你的文章被点赞了', '赞了文章', '1'), ('1', '2', '6', '0', '0', '0', '0', '0', '0', '0', '0', '0', '0', '0', '0', '0', '0', '0', '你的问题下的评论被点赞了', '赞了问题下的评论', '1'), ('1', '2', '7', '0', '0', '0', '0', '0', '0', '0', '0', '0', '0', '0', '0', '0', '0', '0', '你的回答下的评论被点赞了', '赞了回答下的评论', '1'), ('1', '2', '8', '0', '0', '0', '0', '0', '0', '0', '0', '0', '0', '0', '0', '0', '0', '0', '你的文章下的评论被点赞了', '赞了文章下的评论', '1'), ('1', '3', '2', '1', '0', '50', '0', '20', '0', '0', '0', '0', '0', '0', '0', '0', '0', '0', '评论了你的问题', '评论了问题', '1'), ('1', '3', '3', '1', '0', '50', '0', '20', '0', '0', '0', '0', '0', '0', '0', '0', '0', '0', '评论了你的回答', '评论了回答', '1'), ('1', '3', '4', '1', '0', '50', '0', '20', '0', '0', '0', '0', '0', '0', '0', '0', '0', '0', '评论了你的文章', '评论了文章', '1'), ('1', '3', '6', '0', '0', '0', '0', '0', '0', '0', '0', '0', '0', '0', '0', '0', '0', '0', '回复了问题下你的评论', '回复了问题下的评论', '1'), ('1', '3', '7', '0', '0', '0', '0', '0', '0', '0', '0', '0', '0', '0', '0', '0', '0', '0', '回复了回答下你的评论', '回复了回答下的评论', '1'), ('1', '3', '8', '0', '0', '0', '0', '0', '0', '0', '0', '0', '0', '0', '0', '0', '0', '0', '回复了文章下你的评论', '回复了文章下的评论', '1'), ('1', '4', '2', '0', '5', '0', '0', '0', '0', '0', '0', '0', '0', '50', '0', '0', '0', '0', '发布了你的问题', '发布了问题', '1'), ('1', '4', '3', '0', '10', '0', '0', '0', '0', '0', '0', '0', '0', '100', '0', '0', '0', '0', '回答了你的问题', '回答了问题', '1'), ('1', '4', '4', '0', '15', '0', '0', '0', '0', '0', '0', '0', '0', '150', '0', '0', '0', '0', '发布了你的文章', '发布了文章', '1'), ('1', '4', '5', '0', '2', '0', '0', '0', '0', '0', '0', '0', '0', '10', '0', '0', '0', '0', '--', '新建了专栏', '0'), ('1', '4', '9', '0', '5', '10', '0', '0', '0', '0', '0', '0', '0', '50', '0', '0', '0', '0', '--', '新建了标签', '0'), ('1', '5', '2', '0', '0', '0', '0', '0', '0', '0', '0', '0', '0', '0', '0', '0', '0', '0', '你的问题被删除了', '删除了问题', '0'), ('1', '5', '3', '0', '0', '0', '0', '0', '0', '0', '0', '0', '0', '0', '0', '0', '0', '0', '你的回答被删除了', '删除了回答', '0'), ('1', '5', '4', '0', '0', '0', '0', '0', '0', '0', '0', '0', '0', '0', '0', '0', '0', '0', '你的文章被删除了', '删除了文章', '0'), ('1', '5', '5', '0', '0', '0', '0', '0', '0', '0', '0', '0', '0', '0', '0', '0', '0', '0', '你的专栏被删除了', '删除了专栏', '0'), ('1', '5', '6', '0', '0', '0', '0', '0', '0', '0', '0', '0', '0', '0', '0', '0', '0', '0', '你的问题下的评论被删除了', '删除了问题下的评论', '0'), ('1', '5', '7', '0', '0', '0', '0', '0', '0', '0', '0', '0', '0', '0', '0', '0', '0', '0', '你的回答下的评论被删除了', '删除了回答下的评论', '0'), ('1', '5', '8', '0', '0', '0', '0', '0', '0', '0', '0', '0', '0', '0', '0', '0', '0', '0', '你的文章下的评论被删除了', '删除了文章下的评论', '0'), ('1', '5', '9', '0', '0', '0', '0', '0', '0', '0', '0', '0', '0', '0', '0', '0', '0', '0', '你的标签被删除了', '删除了标签', '0'), ('1', '6', '1', '0', '0', '0', '0', '0', '0', '0', '0', '0', '0', '0', '0', '0', '0', '0', '你的关注被取消了', '取消了关注的人', '1'), ('1', '6', '2', '0', '0', '0', '0', '0', '0', '0', '0', '0', '0', '0', '0', '0', '0', '0', '你的问题被取消了关注', '取消了关注的问题', '1'), ('1', '6', '3', '0', '0', '0', '0', '0', '0', '0', '0', '0', '0', '0', '0', '0', '0', '0', '你的回答被取消了收藏', '取消了收藏的回答', '1'), ('1', '6', '4', '0', '0', '0', '0', '0', '0', '0', '0', '0', '0', '0', '0', '0', '0', '0', '你的文章被取消了收藏', '取消了收藏的文章', '1'), ('1', '6', '5', '0', '0', '0', '0', '0', '0', '0', '0', '0', '0', '0', '0', '0', '0', '0', '你的专栏被取消了关注', '取消了关注的专栏', '1'), ('1', '6', '9', '0', '0', '0', '0', '0', '0', '0', '0', '0', '0', '0', '0', '0', '0', '0', '你的标签被取消了关注', '取消了关注的标签', '1'), ('1', '7', '3', '0', '0', '0', '0', '0', '0', '0', '0', '0', '0', '0', '0', '0', '0', '0', '你的回答点赞被取消了', '取消了回答的赞', '1'), ('1', '7', '4', '0', '0', '0', '0', '0', '0', '0', '0', '0', '0', '0', '0', '0', '0', '0', '你的文章点赞被取消了', '取消了文章的赞', '1'), ('1', '7', '6', '0', '0', '0', '0', '0', '0', '0', '0', '0', '0', '0', '0', '0', '0', '0', '你的问题下的评论点赞被取消了', '取消了问题下的评论的赞', '1'), ('1', '7', '7', '0', '0', '0', '0', '0', '0', '0', '0', '0', '0', '0', '0', '0', '0', '0', '你的回答下的评论点赞被取消了', '取消了回答下的评论的赞', '1'), ('1', '7', '8', '0', '0', '0', '0', '0', '0', '0', '0', '0', '0', '0', '0', '0', '0', '0', '你的文章下的评论点赞被取消了', '取消了文章下的评论的赞', '1'), ('1', '8', '2', '0', '0', '0', '0', '0', '0', '0', '0', '0', '0', '0', '0', '0', '0', '0', '你的问题被浏览了', '浏览了问题', '1'), ('1', '8', '3', '0', '0', '0', '0', '0', '0', '0', '0', '0', '0', '0', '0', '0', '0', '0', '你的回答被浏览了', '浏览了回答', '1'), ('1', '8', '4', '0', '0', '0', '0', '0', '0', '0', '0', '0', '0', '0', '0', '0', '0', '0', '你的文章被浏览了', '浏览了文章', '1'), ('1', '9', '2', '0', '0', '0', '0', '0', '0', '0', '0', '0', '0', '0', '0', '0', '0', '0', '你的问题被撤销了删除', '撤销了被删除的问题', '0'), ('1', '9', '3', '0', '0', '0', '0', '0', '0', '0', '0', '0', '0', '0', '0', '0', '0', '0', '你的回答被撤销了删除', '撤销了被删除的回答', '0'), ('1', '9', '4', '0', '0', '0', '0', '0', '0', '0', '0', '0', '0', '0', '0', '0', '0', '0', '你的文章被撤销了删除', '撤销了被删除的文章', '0'), ('1', '9', '5', '0', '0', '0', '0', '0', '0', '0', '0', '0', '0', '0', '0', '0', '0', '0', '你的专栏被撤销了删除', '撤销了被删除的专栏', '0'), ('1', '9', '6', '0', '0', '0', '0', '0', '0', '0', '0', '0', '0', '0', '0', '0', '0', '0', '你的问题下的评论被撤销了删除', '撤销了被删除的问题下的评论', '0'), ('1', '9', '7', '0', '0', '0', '0', '0', '0', '0', '0', '0', '0', '0', '0', '0', '0', '0', '你的回答下的评论被撤销了删除', '撤销了被删除的回答下的评论', '0'), ('1', '9', '8', '0', '0', '0', '0', '0', '0', '0', '0', '0', '0', '0', '0', '0', '0', '0', '你的文章下的评论被撤销了删除', '撤销了被删除的文章下的评论', '0'), ('1', '9', '9', '0', '0', '0', '0', '0', '0', '0', '0', '0', '0', '0', '0', '0', '0', '0', '你的标签被撤销了删除', '撤销了被删除的标签', '0'), ('1', '10', '1', '0', '5', '0', '0', '0', '0', '0', '0', '0', '0', '0', '0', '0', '0', '0', '你的个人资料被更新了', '更新了个人资料', '1'), ('1', '10', '2', '0', '0', '0', '0', '0', '0', '0', '0', '0', '0', '0', '0', '0', '0', '0', '你的问题被更新了', '更新了问题', '1'), ('1', '10', '3', '0', '0', '0', '0', '0', '0', '0', '0', '0', '0', '0', '0', '0', '0', '0', '你的回答被更新了', '更新了回答', '1'), ('1', '10', '4', '0', '0', '0', '0', '0', '0', '0', '0', '0', '0', '0', '0', '0', '0', '0', '你的文章被更新了', '更新了文章', '1'), ('1', '10', '5', '0', '0', '0', '0', '0', '0', '0', '0', '0', '0', '0', '0', '0', '0', '0', '你的专栏被更新了', '更新了专栏', '1'), ('1', '10', '9', '0', '0', '0', '0', '0', '0', '0', '0', '0', '0', '0', '0', '0', '0', '0', '你的标签被更新了', '更新了标签', '1'), ('1', '11', '3', '25', '5', '0', '10', '0', '0', '0', '0', '0', '10', '0', '0', '0', '0', '0', '你的回答被采纳了', '采纳了回答', '1'), ('1', '12', '3', '0', '0', '0', '0', '0', '0', '0', '0', '0', '0', '0', '0', '0', '0', '0', '你的回答被反对了', '反对了回答', '1'), ('1', '12', '4', '0', '0', '0', '0', '0', '0', '0', '0', '0', '0', '0', '0', '0', '0', '0', '你的文章被反对了', '反对了文章', '1'), ('1', '12', '6', '0', '0', '0', '0', '0', '0', '0', '0', '0', '0', '0', '0', '0', '0', '0', '你的问题下的评论被反对了', '反对了问题下的评论', '1'), ('1', '12', '7', '0', '0', '0', '0', '0', '0', '0', '0', '0', '0', '0', '0', '0', '0', '0', '你的回答下的评论被反对了', '反对了回答下的评论', '1'), ('1', '12', '8', '0', '0', '0', '0', '0', '0', '0', '0', '0', '0', '0', '0', '0', '0', '0', '你的文章下的评论被反对了', '反对了文章下的评论', '1'), ('1', '13', '3', '0', '0', '0', '0', '0', '0', '0', '0', '0', '0', '0', '0', '0', '0', '0', '你的回答反对被取消了', '取消了回答的反对', '1'), ('1', '13', '4', '0', '0', '0', '0', '0', '0', '0', '0', '0', '0', '0', '0', '0', '0', '0', '你的文章反对被取消了', '取消了文章的反对', '1'), ('1', '13', '6', '0', '0', '0', '0', '0', '0', '0', '0', '0', '0', '0', '0', '0', '0', '0', '你的问题下的评论反对被取消了', '取消了问题下的评论的反对', '1'), ('1', '13', '7', '0', '0', '0', '0', '0', '0', '0', '0', '0', '0', '0', '0', '0', '0', '0', '你的回答下的评论反对被取消了', '取消了回答下的评论的反对', '1'), ('1', '13', '8', '0', '0', '0', '0', '0', '0', '0', '0', '0', '0', '0', '0', '0', '0', '0', '你的文章下的评论反对被取消了', '取消了文章下的评论的反对', '1'), ('1', '14', '10', '0', '10', '0', '0', '0', '0', '0', '0', '0', '0', '0', '0', '0', '0', '0', '--', '充值成功', '1'), ('1', '15', '11', '0', '0', '0', '0', '0', '0', '0', '0', '0', '0', '0', '0', '0', '0', '0', '--', '提现成功', '1'), ('1', '16', '12', '0', '5', '0', '0', '0', '0', '0', '0', '0', '0', '0', '0', '0', '0', '0', '--', '绑定github成功', '1'), ('1', '16', '13', '0', '5', '0', '0', '0', '0', '0', '0', '0', '0', '0', '0', '0', '0', '0', '--', '绑定支付宝成功', '1'), ('1', '16', '14', '0', '5', '0', '0', '0', '0', '0', '0', '0', '0', '0', '0', '0', '0', '0', '--', '绑定手机号成功', '1'), ('1', '16', '15', '0', '5', '0', '0', '0', '0', '0', '0', '0', '0', '0', '0', '0', '0', '0', '--', '绑定邮箱成功', '1'), ('1', '17', '12', '0', '0', '0', '0', '0', '0', '0', '0', '0', '0', '0', '0', '0', '0', '0', '--', '解除绑定github成功', '1'), ('1', '17', '13', '0', '0', '0', '0', '0', '0', '0', '0', '0', '0', '0', '0', '0', '0', '0', '--', '解除绑定支付宝成功', '1'), ('1', '17', '14', '0', '0', '0', '0', '0', '0', '0', '0', '0', '0', '0', '0', '0', '0', '0', '--', '解除绑定手机号成功', '1'), ('1', '17', '15', '0', '0', '0', '0', '0', '0', '0', '0', '0', '0', '0', '0', '0', '0', '0', '--', '解除绑定邮箱成功', '1'), ('1', '18', '3', '0', '25', '0', '0', '0', '0', '0', '0', '0', '0', '0', '0', '0', '0', '0', '收到回答的打赏(仅现金有效)', '打赏回答(仅现金有效)', '1'), ('1', '18', '4', '0', '25', '0', '0', '0', '0', '0', '0', '0', '0', '0', '0', '0', '0', '0', '收到文章的打赏(仅现金有效)', '打赏文章(仅现金有效)', '1'), ('3', '1', '1', '2', '0', '15', '0', '20', '0', '0', '0', '0', '0', '0', '0', '0', '0', '0', '你被关注', '你关注了别人', '1'), ('3', '1', '2', '2', '0', '15', '0', '20', '0', '0', '0', '0', '0', '0', '0', '0', '0', '0', '问题被关注', '关注了问题', '1'), ('3', '1', '3', '2', '0', '15', '0', '20', '0', '0', '0', '0', '0', '0', '0', '0', '0', '0', '回答被收藏', '收藏了回答', '1'), ('3', '1', '4', '2', '0', '15', '0', '20', '0', '0', '0', '0', '0', '0', '0', '0', '0', '0', '文章被收藏', '收藏了文章', '1'), ('3', '1', '5', '2', '0', '15', '0', '20', '0', '0', '0', '0', '0', '0', '0', '0', '0', '0', '专栏被关注', '关注了专栏', '1'), ('3', '1', '9', '2', '0', '15', '0', '20', '0', '0', '0', '0', '0', '0', '0', '0', '0', '0', '你的标签被关注', '关注了标签', '1'), ('3', '2', '3', '1', '0', '15', '0', '20', '0', '0', '0', '0', '0', '0', '0', '0', '0', '0', '你的回答被点赞了', '赞了回答', '1'), ('3', '2', '4', '1', '0', '15', '0', '20', '0', '0', '0', '0', '0', '0', '0', '0', '0', '0', '你的文章被点赞了', '赞了文章', '1'), ('3', '2', '6', '1', '0', '15', '0', '20', '0', '0', '0', '0', '0', '0', '0', '0', '0', '0', '你的问题下的评论被点赞了', '赞了问题下的评论', '1'), ('3', '2', '7', '1', '0', '15', '0', '20', '0', '0', '0', '0', '0', '0', '0', '0', '0', '0', '你的回答下的评论被点赞了', '赞了回答下的评论', '1'), ('3', '2', '8', '1', '0', '15', '0', '20', '0', '0', '0', '0', '0', '0', '0', '0', '0', '0', '你的文章下的评论被点赞了', '赞了文章下的评论', '1'), ('3', '3', '2', '1', '0', '15', '0', '20', '0', '0', '0', '0', '0', '0', '0', '0', '0', '0', '评论了你的问题', '评论了问题', '1'), ('3', '3', '3', '1', '0', '15', '0', '20', '0', '0', '0', '0', '0', '0', '0', '0', '0', '0', '评论了你的回答', '评论了回答', '1'), ('3', '3', '4', '1', '0', '15', '0', '20', '0', '0', '0', '0', '0', '0', '0', '0', '0', '0', '评论了你的文章', '评论了文章', '1'), ('3', '3', '6', '1', '0', '15', '0', '20', '0', '0', '0', '0', '0', '0', '0', '0', '0', '0', '回复了问题下你的评论', '回复了问题下的评论', '1'), ('3', '3', '7', '1', '0', '15', '0', '20', '0', '0', '0', '0', '0', '0', '0', '0', '0', '0', '回复了回答下你的评论', '回复了回答下的评论', '1'), ('3', '3', '8', '1', '0', '15', '0', '20', '0', '0', '0', '0', '0', '0', '0', '0', '0', '0', '回复了文章下你的评论', '回复了文章下的评论', '1'), ('3', '4', '2', '0', '5', '0', '0', '0', '0', '0', '0', '0', '0', '50', '0', '0', '0', '0', '发布了你的问题', '发布了问题', '1'), ('3', '4', '3', '0', '15', '0', '0', '0', '0', '0', '0', '0', '0', '150', '0', '0', '0', '0', '回答了你的问题', '回答了问题', '1'), ('3', '4', '4', '0', '15', '0', '0', '0', '0', '0', '0', '0', '0', '150', '0', '0', '0', '0', '发布了你的文章', '发布了文章', '1'), ('3', '4', '5', '0', '5', '0', '0', '0', '0', '0', '0', '0', '0', '50', '0', '0', '0', '0', '--', '新建了专栏', '0'), ('3', '4', '9', '0', '5', '0', '0', '0', '0', '0', '0', '0', '0', '50', '0', '0', '0', '0', '--', '新建了标签', '0'), ('3', '5', '2', '-10', '0', '0', '0', '0', '0', '0', '0', '0', '0', '0', '0', '0', '0', '0', '你的问题被删除了', '删除了问题', '0'), ('3', '5', '3', '-30', '0', '0', '0', '0', '0', '0', '0', '0', '0', '0', '0', '0', '0', '0', '你的回答被删除了', '删除了回答', '0'), ('3', '5', '4', '-30', '0', '0', '0', '0', '0', '0', '0', '0', '0', '0', '0', '0', '0', '0', '你的文章被删除了', '删除了文章', '0'), ('3', '5', '5', '-10', '0', '0', '0', '0', '0', '0', '0', '0', '0', '0', '0', '0', '0', '0', '你的专栏被删除了', '删除了专栏', '0'), ('3', '5', '6', '-2', '0', '0', '0', '0', '0', '0', '0', '0', '0', '0', '0', '0', '0', '0', '你的问题下的评论被删除了', '删除了问题下的评论', '0'), ('3', '5', '7', '-2', '0', '0', '0', '0', '0', '0', '0', '0', '0', '0', '0', '0', '0', '0', '你的回答下的评论被删除了', '删除了回答下的评论', '0'), ('3', '5', '8', '-2', '0', '0', '0', '0', '0', '0', '0', '0', '0', '0', '0', '0', '0', '0', '你的文章下的评论被删除了', '删除了文章下的评论', '0'), ('3', '5', '9', '-10', '0', '0', '0', '0', '0', '0', '0', '0', '0', '0', '0', '0', '0', '0', '你的标签被删除了', '删除了标签', '0'), ('3', '6', '1', '-2', '0', '0', '0', '0', '0', '0', '0', '0', '0', '0', '0', '0', '0', '0', '你的关注被取消了', '取消了关注的人', '1'), ('3', '6', '2', '-2', '0', '0', '0', '0', '0', '0', '0', '0', '0', '0', '0', '0', '0', '0', '你的问题被取消了关注', '取消了关注的问题', '1'), ('3', '6', '3', '-2', '0', '0', '0', '0', '0', '0', '0', '0', '0', '0', '0', '0', '0', '0', '你的回答被取消了收藏', '取消了收藏的回答', '1'), ('3', '6', '4', '-2', '0', '0', '0', '0', '0', '0', '0', '0', '0', '0', '0', '0', '0', '0', '你的文章被取消了收藏', '取消了收藏的文章', '1'), ('3', '6', '5', '-2', '0', '0', '0', '0', '0', '0', '0', '0', '0', '0', '0', '0', '0', '0', '你的专栏被取消了关注', '取消了关注的专栏', '1'), ('3', '6', '9', '-2', '0', '0', '0', '0', '0', '0', '0', '0', '0', '0', '0', '0', '0', '0', '你的标签被取消了关注', '取消了关注的标签', '1'), ('3', '7', '3', '-1', '0', '0', '0', '0', '0', '0', '0', '0', '0', '0', '0', '0', '0', '0', '你的回答点赞被取消了', '取消了回答的赞', '1'), ('3', '7', '4', '-1', '0', '0', '0', '0', '0', '0', '0', '0', '0', '0', '0', '0', '0', '0', '你的文章点赞被取消了', '取消了文章的赞', '1'), ('3', '7', '6', '-1', '0', '0', '0', '0', '0', '0', '0', '0', '0', '0', '0', '0', '0', '0', '你的问题下的评论点赞被取消了', '取消了问题下的评论的赞', '1'), ('3', '7', '7', '-1', '0', '0', '0', '0', '0', '0', '0', '0', '0', '0', '0', '0', '0', '0', '你的回答下的评论点赞被取消了', '取消了回答下的评论的赞', '1'), ('3', '7', '8', '-1', '0', '0', '0', '0', '0', '0', '0', '0', '0', '0', '0', '0', '0', '0', '你的文章下的评论点赞被取消了', '取消了文章下的评论的赞', '1'), ('3', '8', '2', '0', '0', '0', '0', '0', '0', '0', '0', '0', '0', '0', '0', '0', '0', '0', '你的问题被浏览了', '浏览了问题', '1'), ('3', '8', '3', '0', '0', '0', '0', '0', '0', '0', '0', '0', '0', '0', '0', '0', '0', '0', '你的回答被浏览了', '浏览了回答', '1'), ('3', '8', '4', '0', '0', '0', '0', '0', '0', '0', '0', '0', '0', '0', '0', '0', '0', '0', '你的文章被浏览了', '浏览了文章', '1'), ('3', '9', '2', '3', '0', '0', '0', '0', '0', '0', '0', '0', '0', '0', '0', '0', '0', '0', '你的问题被撤销了删除', '撤销了被删除的问题', '0'), ('3', '9', '3', '10', '0', '0', '0', '0', '0', '0', '0', '0', '0', '0', '0', '0', '0', '0', '你的回答被撤销了删除', '撤销了被删除的回答', '0'), ('3', '9', '4', '10', '0', '0', '0', '0', '0', '0', '0', '0', '0', '0', '0', '0', '0', '0', '你的文章被撤销了删除', '撤销了被删除的文章', '0'), ('3', '9', '5', '3', '0', '0', '0', '0', '0', '0', '0', '0', '0', '0', '0', '0', '0', '0', '你的专栏被撤销了删除', '撤销了被删除的专栏', '0'), ('3', '9', '6', '0', '0', '0', '0', '0', '0', '0', '0', '0', '0', '0', '0', '0', '0', '0', '你的问题下的评论被撤销了删除', '撤销了被删除的问题下的评论', '0'), ('3', '9', '7', '0', '0', '0', '0', '0', '0', '0', '0', '0', '0', '0', '0', '0', '0', '0', '你的回答下的评论被撤销了删除', '撤销了被删除的回答下的评论', '0'), ('3', '9', '8', '0', '0', '0', '0', '0', '0', '0', '0', '0', '0', '0', '0', '0', '0', '0', '你的文章下的评论被撤销了删除', '撤销了被删除的文章下的评论', '0'), ('3', '9', '9', '3', '0', '0', '0', '0', '0', '0', '0', '0', '0', '0', '0', '0', '0', '0', '你的标签被撤销了删除', '撤销了被删除的标签', '0'), ('3', '10', '1', '0', '0', '0', '0', '0', '0', '0', '0', '0', '0', '0', '0', '0', '0', '0', '你的个人资料被更新了', '更新了个人资料', '1'), ('3', '10', '2', '0', '0', '0', '0', '0', '0', '0', '0', '0', '0', '0', '0', '0', '0', '0', '你的问题被更新了', '更新了问题', '1'), ('3', '10', '3', '0', '0', '0', '0', '0', '0', '0', '0', '0', '0', '0', '0', '0', '0', '0', '你的回答被更新了', '更新了回答', '1'), ('3', '10', '4', '0', '0', '0', '0', '0', '0', '0', '0', '0', '0', '0', '0', '0', '0', '0', '你的文章被更新了', '更新了文章', '1'), ('3', '10', '5', '0', '0', '0', '0', '0', '0', '0', '0', '0', '0', '0', '0', '0', '0', '0', '你的专栏被更新了', '更新了专栏', '1'), ('3', '10', '9', '0', '0', '0', '0', '0', '0', '0', '0', '0', '0', '0', '0', '0', '0', '0', '你的标签被更新了', '更新了标签', '1'), ('3', '11', '3', '25', '0', '0', '0', '0', '0', '0', '0', '0', '0', '0', '0', '0', '0', '0', '你的回答被采纳了', '采纳了回答', '0'), ('3', '12', '3', '-4', '0', '0', '0', '0', '0', '0', '0', '0', '0', '0', '0', '0', '0', '0', '你的回答被反对了', '反对了回答', '1'), ('3', '12', '4', '-6', '0', '0', '0', '0', '0', '0', '0', '0', '0', '0', '0', '0', '0', '0', '你的文章被反对了', '反对了文章', '1'), ('3', '12', '6', '-2', '0', '0', '0', '0', '0', '0', '0', '0', '0', '0', '0', '0', '0', '0', '你的问题下的评论被反对了', '反对了问题下的评论', '1'), ('3', '12', '7', '-2', '0', '0', '0', '0', '0', '0', '0', '0', '0', '0', '0', '0', '0', '0', '你的回答下的评论被反对了', '反对了回答下的评论', '1'), ('3', '12', '8', '-2', '0', '0', '0', '0', '0', '0', '0', '0', '0', '0', '0', '0', '0', '0', '你的文章下的评论被反对了', '反对了文章下的评论', '1'), ('3', '13', '3', '4', '0', '0', '0', '0', '0', '0', '0', '0', '0', '0', '0', '0', '0', '0', '你的回答反对被取消了', '取消了回答的反对', '1'), ('3', '13', '4', '6', '0', '0', '0', '0', '0', '0', '0', '0', '0', '0', '0', '0', '0', '0', '你的文章反对被取消了', '取消了文章的反对', '1'), ('3', '13', '6', '2', '0', '0', '0', '0', '0', '0', '0', '0', '0', '0', '0', '0', '0', '0', '你的问题下的评论反对被取消了', '取消了问题下的评论的反对', '1'), ('3', '13', '7', '2', '0', '0', '0', '0', '0', '0', '0', '0', '0', '0', '0', '0', '0', '0', '你的回答下的评论反对被取消了', '取消了回答下的评论的反对', '1'), ('3', '13', '8', '2', '0', '0', '0', '0', '0', '0', '0', '0', '0', '0', '0', '0', '0', '0', '你的文章下的评论反对被取消了', '取消了文章下的评论的反对', '1'), ('3', '14', '10', '10', '0', '0', '0', '0', '0', '0', '0', '0', '0', '0', '0', '0', '0', '0', '--', '充值成功', '1'), ('3', '15', '11', '0', '0', '0', '0', '0', '0', '0', '0', '0', '0', '0', '0', '0', '0', '0', '--', '提现成功', '1'), ('3', '16', '12', '5', '0', '0', '0', '0', '0', '0', '0', '0', '0', '0', '0', '0', '0', '0', '--', '绑定github成功', '1'), ('3', '16', '13', '5', '0', '0', '0', '0', '0', '0', '0', '0', '0', '0', '0', '0', '0', '0', '--', '绑定支付宝成功', '1'), ('3', '16', '14', '5', '0', '0', '0', '0', '0', '0', '0', '0', '0', '0', '0', '0', '0', '0', '--', '绑定手机号成功', '1'), ('3', '16', '15', '5', '0', '0', '0', '0', '0', '0', '0', '0', '0', '0', '0', '0', '0', '0', '--', '绑定邮箱成功', '1'), ('3', '17', '12', '0', '0', '0', '0', '0', '0', '0', '0', '0', '0', '0', '0', '0', '0', '0', '--', '解除绑定github成功', '1'), ('3', '17', '13', '0', '0', '0', '0', '0', '0', '0', '0', '0', '0', '0', '0', '0', '0', '0', '--', '解除绑定支付宝成功', '1'), ('3', '17', '14', '0', '0', '0', '0', '0', '0', '0', '0', '0', '0', '0', '0', '0', '0', '0', '--', '解除绑定手机号成功', '1'), ('3', '17', '15', '0', '0', '0', '0', '0', '0', '0', '0', '0', '0', '0', '0', '0', '0', '0', '--', '解除绑定邮箱成功', '1'), ('3', '18', '3', '0', '25', '0', '0', '0', '0', '0', '0', '0', '0', '0', '0', '0', '0', '0', '收到回答的打赏(仅现金有效)', '打赏回答(仅现金有效)', '1'), ('3', '18', '4', '0', '25', '0', '0', '0', '0', '0', '0', '0', '0', '0', '0', '0', '0', '0', '收到文章的打赏(仅现金有效)', '打赏文章(仅现金有效)', '1');

-- ----------------------------
--  Records of `upload_config`
-- ----------------------------
delete from upload_config;
INSERT INTO `upload_config` VALUES ('doc', 'itellyou-file', 'https://cdn-file.itellyou.com', 'http://oss-cn-hangzhou.aliyuncs.com', '10240'), ('file', 'itellyou-file', 'https://cdn-file.itellyou.com', 'http://oss-cn-hangzhou.aliyuncs.com', '10240'), ('image', 'itellyou-image', 'https://cdn-image.itellyou.com', 'http://oss-cn-hangzhou.aliyuncs.com', '5120'), ('video', '', 'https://cdn-video.itellyou.com', 'http://oss-cn-hangzhou.aliyuncs.com', '204800');

-- ----------------------------
--  Records of `upload_file_config`
-- ----------------------------
delete from upload_file_config;
INSERT INTO `upload_file_config` VALUES ('1', 'png', '1', '0', '1', '0', '10009', '0', '0'), ('2', 'jpeg', '1', '0', '1', '0', '10009', '0', '0'), ('3', 'gif', '1', '0', '1', '0', '10009', '0', '0'), ('4', 'jpg', '1', '0', '1', '0', '10009', '0', '0'), ('5', 'svg', '1', '0', '1', '0', '10009', '0', '0'), ('6', 'pdf', '0', '0', '1', '1', '10009', '0', '0'), ('7', 'doc', '0', '0', '1', '1', '10009', '0', '0'), ('8', 'xml', '0', '0', '1', '1', '10009', '0', '0'), ('9', 'mp4', '0', '1', '1', '0', '10009', '0', '0'), ('10', 'docx', '0', '0', '1', '1', '10012', '0', '0'), ('11', 'ppt', '0', '0', '1', '1', '10012', '0', '0'), ('12', 'pptx', '0', '0', '1', '1', '10012', '0', '0'), ('13', 'xls', '0', '0', '1', '1', '10012', '0', '0'), ('14', 'xlsm', '0', '0', '1', '1', '10012', '0', '0'), ('15', 'dot', '0', '0', '1', '1', '10012', '0', '0'), ('16', 'dotx', '0', '0', '1', '1', '10012', '0', '0'), ('17', 'xlsx', '0', '0', '1', '1', '10012', '0', '0'), ('18', 'pot', '0', '0', '1', '1', '10012', '0', '0'), ('19', 'potx', '0', '0', '1', '1', '10012', '0', '0'), ('20', 'xlt', '0', '0', '1', '1', '10012', '0', '0'), ('21', 'xltx', '0', '0', '1', '1', '10012', '0', '0'), ('22', 'pps', '0', '0', '1', '1', '10012', '0', '0'), ('23', 'ppsx', '0', '0', '1', '1', '10012', '0', '0'), ('24', 'csv', '0', '0', '1', '1', '10012', '0', '0'), ('25', 'rtf', '0', '0', '1', '1', '10012', '0', '0'), ('27', 'dps', '0', '0', '1', '1', '10012', '0', '0'), ('28', 'dpt', '0', '0', '1', '1', '10012', '0', '0'), ('29', 'pptm', '0', '0', '1', '1', '10012', '0', '0'), ('30', 'potm', '0', '0', '1', '1', '10012', '0', '0'), ('31', 'ppsm', '0', '0', '1', '1', '10012', '0', '0'), ('32', 'et', '0', '0', '1', '1', '10012', '0', '0'), ('33', 'ett', '0', '0', '1', '1', '10012', '0', '0'), ('35', 'xlsb', '0', '0', '1', '1', '10012', '0', '0'), ('37', 'xltm', '0', '0', '1', '1', '10012', '0', '0'), ('38', 'wps', '0', '0', '1', '1', '10012', '0', '0'), ('39', 'wpt', '0', '0', '1', '1', '10012', '0', '0'), ('42', 'docm', '0', '0', '1', '1', '10012', '0', '0'), ('43', 'dotm', '0', '0', '1', '1', '10012', '0', '0'), ('45', 'lrc', '0', '0', '1', '1', '10012', '0', '0'), ('46', 'c', '0', '0', '1', '1', '10012', '0', '0'), ('47', 'cpp', '0', '0', '1', '1', '10012', '0', '0'), ('48', 'h', '0', '0', '1', '1', '10012', '0', '0'), ('49', 'asm', '0', '0', '1', '1', '10012', '0', '0'), ('50', 's', '0', '0', '1', '1', '10012', '0', '0'), ('51', 'java', '0', '0', '1', '1', '10012', '0', '0'), ('52', 'asp', '0', '0', '1', '1', '10012', '0', '0'), ('53', 'bat', '0', '0', '1', '1', '10012', '0', '0'), ('54', 'bas', '0', '0', '1', '1', '10012', '0', '0'), ('55', 'prg', '0', '0', '1', '1', '10012', '0', '0'), ('56', 'cmd', '0', '0', '1', '1', '10012', '0', '0'), ('58', 'txt', '0', '0', '1', '1', '10012', '0', '0'), ('59', 'log', '0', '0', '1', '1', '10012', '0', '0'), ('61', 'htm', '0', '0', '1', '1', '10012', '0', '0'), ('62', 'html', '0', '0', '1', '1', '10012', '0', '0'), ('68', 'ai', '0', '0', '1', '0', '10012', '0', '0');

-- ----------------------------
--  Records of `user_withdraw_config`
-- ----------------------------
delete  from user_withdraw_config;
INSERT INTO `user_withdraw_config` VALUES ('default', '10.00', '2000.00', '200.00', '2.00');

-- ----------------------------
--  Records of `reward_config`
-- ----------------------------
delete  from reward_config;
INSERT INTO `reward_config` VALUES ('default', '1', '5.00', '200.00', '积分'), ('default', '2', '1.00', '200.00', '元');

-- ----------------------------
--  Records of `sys_permission`
-- ----------------------------
delete from sys_permission;
INSERT INTO `sys_permission` VALUES ('admin_login', '3', '0', '0', null, 'admin 登录权限'), ('admin_system_permission_add', '3', '1', '3', '/system/permission', '添加系统权限'), ('admin_system_permission_list', '3', '1', '1', '/system/permission', '系统权限列表'), ('admin_system_permission_query_name', '3', '1', '1', '/system/permission/query/name', '查询系统权限名称是否占用'), ('admin_system_permission_remove', '3', '1', '4', '/system/permission', '删除系统权限'), ('admin_system_permission_update', '3', '1', '2', '/system/permission', '更新系统权限'), ('admin_system_role_add', '3', '1', '3', '/system/role', '添加角色'), ('admin_system_role_list', '3', '1', '1', '/system/role', '获取角色列表'), ('admin_system_role_permission', '3', '1', '1', '/system/role/permission', '获取角色权限'), ('admin_system_role_permission_add', '3', '1', '3', '/system/role/permission', '添加角色权限'), ('admin_system_role_permission_remove', '3', '1', '4', '/system/role/permission', '删除角色权限'), ('admin_system_role_query_name', '3', '1', '1', '/system/role/query/name', '查询角色名称是否占用'), ('admin_system_role_remove', '3', '1', '4', '/system/role', '删除角色'), ('admin_system_role_update', '3', '1', '2', '/system/role', '更新角色'), ('admin_user_bank_credit_config', '3', '1', '1', '/bank/config/credit', '获取积分配置'), ('admin_user_bank_credit_config_update', '3', '1', '2', '/bank/config/credit', '更新积分配置'), ('admin_user_bank_score_config', '3', '1', '1', '/bank/config/score', '获取等级分配置'), ('admin_user_bank_score_config_update', '3', '1', '2', '/bank/config/score', '更新等级分配置'), ('admin_user_list', '3', '1', '1', '/user/list', '获取用户列表'), ('admin_user_rank_add', '3', '1', '3', '/user/rank', '添加等级 '), ('admin_user_rank_list', '3', '1', '1', '/user/rank', '获取等级列表'), ('admin_user_rank_query_name', '3', '1', '1', '/user/rank/query/name', '查询等级名称是否占用'), ('admin_user_rank_remove', '3', '1', '4', '/user/rank', '删除等级'), ('admin_user_rank_role_add', '3', '1', '3', '/user/rank/role', '添加等级角色'), ('admin_user_rank_role_list', '3', '1', '1', '/user/rank/role', '获取等级角色'), ('admin_user_rank_role_remove', '3', '1', '4', '/user/rank/role', '删除等级角色'), ('admin_user_rank_update', '3', '1', '2', '/user/rank', '更新等级'), ('admin_user_role_add', '3', '1', '3', '/user/role', '添加用户角色'), ('admin_user_role_list', '3', '1', '1', '/user/role', '获取用户角色'), ('admin_user_role_remove', '3', '1', '4', '/user/role', '删除用户角色'), ('api_answer_group_user', '2', '1', '1', '/answer/group-user', '获取回答排名分组用户'), ('api_answer_list', '2', '1', '1', '/answer/list', '获取回答列表'), ('api_answer_star_list', '2', '1', '1', '/answer/star', '获取当前用户收藏回答列表'), ('api_answer_star_new', '2', '1', '2', '/answer/star', '收藏回答'), ('api_answer_star_remove', '2', '1', '4', '/answer/star', '取消收藏的回答'), ('api_answer_version_compare', '2', '1', '1', '/answer/{answerId:\\d+}/version/{current:\\d+}...{target:\\d+}', '对比回答版本详情'), ('api_answer_version_compare_user', '2', '1', '1', '/answer/version/{current:\\d+}...{target:\\d+}', '对比用户唯一回答版本详情'), ('api_answer_version_detail', '2', '1', '1', '/answer/{answerId:\\d+}/version/{versionId:\\d+}', '获取回答版本详情'), ('api_answer_version_detail_user', '2', '1', '1', '/answer/version/{versionId:\\d+}', '获取用户唯一回答版本详情'), ('api_answer_version_list', '2', '1', '1', '/answer/{answerId:\\d+}/version', '获取回答版本列表'), ('api_answer_version_list_user', '2', '1', '1', '/answer/version', '获取用户唯一回答版本列表'), ('api_article_collab', '2', '1', '2', '/article/collab', '获取文章协作编辑数据'), ('api_article_comment_child_list', '2', '1', '1', '/article/{articleId:\\d+}/comment/child', '获取文章子评论列表'), ('api_article_comment_create', '2', '1', '3', '/article/{articleId:\\d+}/comment/create', '创建文章评论'), ('api_article_comment_delete', '2', '1', '4', '/article/{articleId:\\d+}/comment/{id:\\d+}', '删除文章评论'), ('api_article_comment_oppose', '2', '1', '2', '/article/{articleId:\\d+}/comment/{id:\\d+}/{type:oppose}', '反对文章评论'), ('api_article_comment_root_list', '2', '1', '1', '/article/{articleId:\\d+}/comment/root', '获取文章根评论列表'), ('api_article_comment_support', '2', '1', '2', '/article/{articleId:\\d+}/comment/{id:\\d+}/{type:support}', '点赞文章评论'), ('api_article_content', '2', '1', '3', '/article/{id:\\d+}/content', '提交编辑内容到文章'), ('api_article_create', '2', '1', '2', '/article/create', '新建文章'), ('api_article_delete', '2', '1', '4', '/article/{id:\\d+}', '删除文章'), ('api_article_detail', '2', '1', '1', '/article/{id:\\d+}', '获取文章详情'), ('api_article_draft', '2', '1', '1', '/article/{id:\\d+}/user_draft', '获取当前用户文章草稿'), ('api_article_draft_delete', '2', '1', '4', '/article/{id:\\d+}/user_draft', '删除当前用户文章草稿'), ('api_article_edit', '2', '1', '1', '/article/{id:\\d+}/edit', '编辑文章'), ('api_article_list', '2', '1', '1', '/article/list', '获取文章列表'), ('api_article_meta', '2', '1', '3', '/article/{id:\\d+}/meta', '提交编辑属性到文章'), ('api_article_oppose', '2', '1', '2', '/article/{id:\\d+}/{type:oppose}', '反对文章'), ('api_article_publish', '2', '1', '3', '/article/{id:\\d+}/publish', '发布文章'), ('api_article_related', '2', '1', '1', '/article/related', '获取文章相关推荐列表'), ('api_article_rollback', '2', '1', '3', '/article/{id:\\d+}/rollback', '回滚文章版本'), ('api_article_star_list', '2', '1', '1', '/article/star', '获取当前用户收藏文章列表'), ('api_article_star_new', '2', '1', '2', '/article/star', '收藏文章'), ('api_article_star_remove', '2', '1', '4', '/article/star', '取消收藏的文章'), ('api_article_support', '2', '1', '2', '/article/{id:\\d+}/{type:support}', '点赞文章'), ('api_article_version_compare', '2', '1', '1', '/article/{articleId:\\d+}/version/{current:\\d+}...{target:\\d+}', '对比文章版本详情'), ('api_article_version_detail', '2', '1', '1', '/article/{articleId:\\d+}/version/{versionId:\\d+}', '获取文章版本详情'), ('api_article_version_list', '2', '1', '1', '/article/{articleId:\\d+}/version', '获取文章版本列表'), ('api_article_view', '2', '1', '1', '/article/{id:\\d+}/view', '记录浏览文章的数据'), ('api_column_create', '2', '1', '3', '/column/create', '申请创建专栏'), ('api_column_detail', '2', '1', '1', '/column/detail', '获取专栏详情'), ('api_column_list', '2', '1', '1', '/column/list', '获取专栏列表'), ('api_column_member_list', '2', '1', '1', '/column/member', '获取专栏成员列表'), ('api_column_query_name', '2', '1', '2', '/column/query/name', '查询专栏名称是否占用'), ('api_column_setting', '2', '1', '3', '/column/setting', '修改专栏设置'), ('api_column_star_list', '2', '1', '1', '/column/star', '获取当前用户关注专栏列表'), ('api_column_star_new', '2', '1', '2', '/column/star', '关注专栏'), ('api_column_star_remove', '2', '1', '4', '/column/star', '取消关注的专栏'), ('api_editor_crypto', '2', '1', '2', '/crypto', '编辑器中加密解密接口'), ('api_explore', '2', '1', '1', '/explore/**', '首页中相关推荐'), ('api_geetest_get', '2', '1', '1', '/geetest', '请求获取geetest验证配置'), ('api_notifications_count', '2', '1', '1', '/notifications/count', '获取用户消息条数'), ('api_notifications_delete', '2', '1', '4', '/notifications', '删除用户消息'), ('api_notifications_list', '2', '1', '1', '/notifications', '获取用户消息列表'), ('api_notifications_settings', '2', '1', '1', '/notifications/settings', '获取用户消息配置'), ('api_notifications_settings_update', '2', '1', '3', '/notifications/settings', '更新用户消息配置'), ('api_notifications_update_unread', '2', '1', '3', '/notifications', '更新用户未读消息为已读'), ('api_oauth_alipay', '2', '1', '1', '/oauth/alipay', '获取支付宝认证链接'), ('api_oauth_alipay_callback', '2', '1', '1', '/oauth/alipay/callback', '支付宝接口回调地址'), ('api_oauth_alipay_login', '2', '1', '2', '/oauth/alipay/login', '使用支付宝登录'), ('api_oauth_github', '2', '1', '1', '/oauth/github', '获取github认证链接'), ('api_oauth_github_callback', '2', '1', '1', '/oauth/github/callback', 'github接口回调地址'), ('api_oauth_github_login', '2', '1', '2', '/oauth/github/login', '使用github登录'), ('api_path_find', '2', '1', '1', '/path/find', '查找路径'), ('api_pay_alipay_callback', '2', '1', '1', '/pay/alipay/callback', '支付宝支付回调地址'), ('api_pay_alipay_precreate', '2', '1', '2', '/pay/alipay', '请求支付宝预创建支付接口'), ('api_pay_alipay_query', '2', '1', '1', '/pay/alipay', '查询支付宝订单状态'), ('api_pay_log', '2', '1', '1', '/pay/log', '获取支付日志'), ('api_preview', '2', '1', '1', '/preview', '请求文件预览'), ('api_question_adopt', '2', '1', '2', '/question/{id:\\d+}/adopt', '采纳回答'), ('api_question_answer_collab', '2', '1', '2', '/question/{questionId:\\d+}/answer/{id:\\d+}/collab', '获取回答协作编辑数据'), ('api_question_answer_comment_child', '2', '1', '1', '/question/{questionId:\\d+}/answer/{answerId:\\d+}/comment/{id:\\d+}/child', '获取回答子评论列表'), ('api_question_answer_comment_create', '2', '1', '3', '/question/{questionId:\\d+}/answer/{answerId:\\d+}/comment/create', '创建回答评论'), ('api_question_answer_comment_delete', '2', '1', '4', '/question/{questionId:\\d+}/answer/{answerId:\\d+}/comment/{id:\\d+}', '删除回答评论'), ('api_question_answer_comment_oppose', '2', '1', '2', '/question/{questionId:\\d+}/answer/{answerId:\\d+}/comment/{id:\\d+}/{type:oppose}', '反对回答评论'), ('api_question_answer_comment_root', '2', '1', '1', '/question/{questionId:\\d+}/answer/{answerId:\\d+}/comment/root', '获取回答根评论列表'), ('api_question_answer_comment_support', '2', '1', '2', '/question/{questionId:\\d+}/answer/{answerId:\\d+}/comment/{id:\\d+}/{type:support}', '点赞回答评论'), ('api_question_answer_content', '2', '1', '3', '/question/{questionId:\\d+}/answer/{id:\\d+}/content', '提交编辑内容到回答并生成一个新的草稿版本'), ('api_question_answer_create', '2', '1', '2', '/question/{questionId:\\d+}/answer/create', '创建回答'), ('api_question_answer_delete', '2', '1', '4', '/question/{questionId:\\d+}/answer/{id:\\d+}', '删除回答'), ('api_question_answer_detail', '2', '1', '1', '/question/{questionId:\\d+}/answer/{id:\\d+}', '获取回答详情'), ('api_question_answer_draft', '2', '1', '1', '/question/{questionId:\\d+}/answer/draft', '获取当前用户回答草稿'), ('api_question_answer_draft_delete', '2', '1', '4', '/question/{questionId:\\d+}/answer/{id:\\d+}/draft', '删除当前用户回答草稿'), ('api_question_answer_edit', '2', '1', '1', '/question/{questionId:\\d+}/answer/{id:\\d+}/edit', '编辑回答'), ('api_question_answer_list', '2', '1', '1', '/question/{questionId:\\d+}/answer/list', '获取问题的回答列表'), ('api_question_answer_oppose', '2', '1', '2', '/question/{questionId:\\d+}/answer/{id:\\d+}/{type:oppose}', '反对回答'), ('api_question_answer_publish', '2', '1', '3', '/question/{questionId:\\d+}/answer/{id:\\d+}/publish', '发布回答'), ('api_question_answer_revoke', '2', '1', '2', '/question/{questionId:\\d+}/answer/{id:\\d+}/revoke', '撤销删除回答'), ('api_question_answer_rollback', '2', '1', '3', '/question/{questionId:\\d+}/answer/{id:\\d+}/rollback', '回滚回答版本'), ('api_question_answer_rollback_notpublish', '2', '1', '3', '/question/{questionId:\\d+}/answer/rollback', '回滚当前用户未发布回答'), ('api_question_answer_support', '2', '1', '2', '/question/{questionId:\\d+}/answer/{id:\\d+}/{type:support}', '点赞回答'), ('api_question_collab', '2', '1', '2', '/question/collab', '获取问题协作编辑数据'), ('api_question_comment_child', '2', '1', '1', '/question/{questionId:\\d+}/comment/{id:\\d+}/child', '获取问题子评论列表'), ('api_question_comment_create', '2', '1', '3', '/question/{questionId:\\d+}/comment/create', '创建问题评论'), ('api_question_comment_delete', '2', '1', '4', '/question/{questionId:\\d+}/comment/{id:\\d+}', '删除问题评论'), ('api_question_comment_oppose', '2', '1', '2', '/question/{questionId:\\d+}/comment/{id:\\d+}/{type:oppose}', '反对问题评论'), ('api_question_comment_root', '2', '1', '1', '/question/{questionId:\\d+}/comment/root', '获取问题根评论列表'), ('api_question_comment_support', '2', '1', '2', '/question/{questionId:\\d+}/comment/{id:\\d+}/{type:support}', '点赞问题评论'), ('api_question_content', '2', '1', '3', '/question/{id:\\d+}/content', '提交编辑内容到问题'), ('api_question_create', '2', '1', '2', '/question/create', '新建问题'), ('api_question_delete', '2', '1', '4', '/question/{id:\\d+}', '删除问题'), ('api_question_detail', '2', '1', '1', '/question/{id:\\d+}', '获取问题详情 '), ('api_question_draft', '2', '1', '1', '/question/{id:\\d+}/user_draft', '获取当前用户问题草稿'), ('api_question_draft_delete', '2', '1', '4', '/question/{id:\\d+}/user_draft', '删除当前用户问题草稿'), ('api_question_edit', '2', '1', '1', '/question/{id:\\d+}/edit', '编辑问题'), ('api_question_list', '2', '1', '1', '/question/list', '获取问题列表'), ('api_question_publish', '2', '1', '3', '/question/{id:\\d+}/publish', '发布问题'), ('api_question_related', '2', '1', '1', '/question/related', '获取问题相关推荐列表'), ('api_question_rollback', '2', '1', '3', '/question/{id:\\d+}/rollback', '回滚问题版本'), ('api_question_star_list', '2', '1', '1', '/question/star', '获取当前用户关注问题列表'), ('api_question_star_new', '2', '1', '2', '/question/star', '关注问题'), ('api_question_star_remove', '2', '1', '4', '/question/star', '取消关注的问题'), ('api_question_version_compare', '2', '1', '1', '/question/{questionId:\\d+}/version/{current:\\d+}...{target:\\d+}', '对比问题版本详情'), ('api_question_version_detail', '2', '1', '1', '/question/{questionId:\\d+}/version/{versionId:\\d+}', '获取问题版本详情'), ('api_question_version_list', '2', '1', '1', '/question/{questionId:\\d+}/version', '获取问题版本列表'), ('api_question_view', '2', '1', '1', '/question/{id:\\d+}/view', '记录浏览问题的数据'), ('api_report_post', '2', '1', '2', '/report', '请求举报'), ('api_reward_config', '2', '1', '1', '/reward/config', '获取悬赏配置'), ('api_reward_do', '2', '1', '2', '/reward/do', '请求打赏'), ('api_reward_list', '2', '1', '1', '/reward/list', '打赏记录列表'), ('api_search', '2', '1', '1', '/search', '全站查询接口'), ('api_system_permission', '2', '1', '1', '/system/permission', '系统权限列表'), ('api_system_permission_add', '2', '1', '3', '/system/permission', '添加系统权限'), ('api_system_permission_query_name', '2', '1', '1', '/system/permission/query/name', '查询系统权限名称是否占用'), ('api_system_permission_remove', '2', '1', '4', '/system/permission', '删除系统权限'), ('api_system_permission_update', '2', '1', '2', '/system/permission', '更新系统权限'), ('api_system_role', '2', '1', '1', '/system/role', '获取角色列表'), ('api_system_role_add', '2', '1', '3', '/system/role', '添加角色'), ('api_system_role_permission', '2', '1', '1', '/system/role/permission', '获取角色权限'), ('api_system_role_permission_add', '2', '1', '3', '/system/role/permission', '添加角色权限'), ('api_system_role_permission_remove', '2', '1', '4', '/system/role/permission', '删除角色权限'), ('api_system_role_query_name', '2', '1', '1', '/system/role/query/name', '查询角色名称是否占用'), ('api_system_role_remove', '2', '1', '4', '/system/role', '删除角色'), ('api_system_role_update', '2', '1', '2', '/system/role', '更新角色'), ('api_tag_collab', '2', '1', '2', '/tag/collab', '获取标签协作编辑数据'), ('api_tag_content', '2', '1', '3', '/tag/{id:\\d+}/content', '提交编辑内容到标签'), ('api_tag_create', '2', '1', '2', '/tag/create', '新建标签'), ('api_tag_detail', '2', '1', '1', '/tag/{id:\\d+}', '获取标签详情'), ('api_tag_edit', '2', '1', '1', '/tag/{id:\\d+}/edit', '编辑标签'), ('api_tag_group', '2', '1', '1', '/tag/group', '获取标签全部分组'), ('api_tag_list', '2', '1', '1', '/tag/list', '获取标签列表'), ('api_tag_publish', '2', '1', '3', '/tag/{id:\\d+}/publish', '发布标签'), ('api_tag_query_by_name', '2', '1', '1', '/tag/query', '根据标签名称查询标签'), ('api_tag_rollback', '2', '1', '3', '/tag/{id:\\d+}/rollback', '回滚标签版本'), ('api_tag_search', '2', '1', '1', '/tag/search', '模糊查询相关标签列表'), ('api_tag_star_list', '2', '1', '1', '/tag/star', '获取当前用户关注标签列表'), ('api_tag_star_new', '2', '1', '2', '/tag/star', '关注标签'), ('api_tag_star_remove', '2', '1', '4', '/tag/star', '取消关注的标签'), ('api_tag_user_draft', '2', '1', '1', '/tag/{id:\\d+}/user_draft', '获取当前用户标签草稿'), ('api_tag_user_draft_delete', '2', '1', '4', '/tag/{id:\\d+}/user_draft', '删除当前用户标签草稿'), ('api_tag_version_compare', '2', '1', '1', '/tag/{tagId:\\d+}/version/{current:\\d+}...{target:\\d+}', '对比标签版本详情'), ('api_tag_version_detail', '2', '1', '1', '/tag/{tagId:\\d+}/version/{versionId:\\d+}', '获取标签版本详情'), ('api_tag_version_list', '2', '1', '1', '/tag/{tagId:\\d+}/version', '获取标签版本列表'), ('api_third_account', '2', '1', '1', '/third_account', '获取当前用户第三方账户信息'), ('api_third_account_delete', '2', '1', '4', '/third_account', '删除当前用户第三方账户信息'), ('api_upload_doc', '2', '1', '2', '/upload/doc', '上传文档文件'), ('api_upload_file', '2', '1', '2', '/upload/file', '上传文件'), ('api_upload_image', '2', '1', '2', '/upload/image', '上传图片'), ('api_upload_video', '2', '1', '2', '/upload/video', '上传视频'), ('api_user_account', '2', '1', '1', '/user/account', '获取当前用户账户信息'), ('api_user_activity', '2', '1', '1', '/user/activity', '获取用户活跃信息'), ('api_user_answer_list', '2', '1', '1', '/user/answer', '获取用户回答列表'), ('api_user_article_list', '2', '1', '1', '/user/article', '获取用户文章列表'), ('api_user_bank_credit_config', '2', '1', '1', '/bank/config/credit', '获取积分配置'), ('api_user_bank_credit_config_update', '2', '1', '2', '/bank/config/credit', '更新积分配置'), ('api_user_bank_me', '2', '1', '1', '/bank', '获取当前用户银行信息'), ('api_user_bank_me_log', '2', '1', '1', '/bank/log', '获取当前用户银行日志'), ('api_user_bank_score_config', '2', '1', '1', '/bank/config/score', '获取等级分配置'), ('api_user_bank_score_config_update', '2', '1', '2', '/bank/config/score', '更新等级分配置'), ('api_user_detail', '2', '1', '1', '/user/{id:\\d+}', '根据编号获取用户详细信息'), ('api_user_draft_delete', '2', '1', '4', '/user/draft', '删除当前用户草稿箱数据'), ('api_user_draft_get', '2', '1', '1', '/user/draft', '获取当前用户草稿箱数据'), ('api_user_email_update', '2', '1', '3', '/user/email', '设置或更换用户邮箱账户'), ('api_user_follower', '2', '1', '1', '/user/follower', '获取用户被关注列表'), ('api_user_list', '2', '1', '1', '/user/list', '获取用户列表'), ('api_user_login_account', '2', '1', '2', '/user/login/account', '用户请求使用账户密码登录'), ('api_user_login_mobile', '2', '1', '2', '/user/login/mobile', '用户请求使用手机验证码登录'), ('api_user_logout', '2', '1', '1', '/user/logout', '当前用户登出'), ('api_user_me', '2', '1', '1', '/user/me', '获取当前用户基本信息'), ('api_user_mobile_update', '2', '1', '3', '/user/mobile', '设置或更换用户手机号码'), ('api_user_password_update', '2', '1', '3', '/user/password', '设置或更换用户登录密码'), ('api_user_path_update', '2', '1', '3', '/user/path', '设置或更换用户路径'), ('api_user_privacy', '3', '0', '0', '', '是否能查看到用户手机/邮箱等私密信息'), ('api_user_profile_update', '2', '1', '3', '/user/profile', '修改当前用户资料'), ('api_user_query_name', '2', '1', '2', '/user/query/name', '查询用户昵称是否占用'), ('api_user_question', '2', '1', '1', '/user/question', '获取用户问题列表'), ('api_user_rank_add', '2', '1', '3', '/user/rank', '添加等级 '), ('api_user_rank_list', '2', '1', '1', '/user/rank', '获取等级列表'), ('api_user_rank_query_name', '2', '1', '1', '/user/rank/query/name', '查询等级名称是否占用'), ('api_user_rank_remove', '2', '1', '4', '/user/rank', '删除等级'), ('api_user_rank_role_add', '2', '1', '3', '/user/rank/role', '添加等级角色'), ('api_user_rank_role_list', '2', '1', '1', '/user/rank/role', '获取等级角色'), ('api_user_rank_role_remove', '2', '1', '4', '/user/rank/role', '删除等级角色'), ('api_user_rank_update', '2', '1', '2', '/user/rank', '更新等级'), ('api_user_register', '2', '1', '2', '/user/register', '用户请求注册'), ('api_user_role_add', '2', '1', '3', '/user/role', '添加用户角色'), ('api_user_role_list', '2', '1', '1', '/user/role', '获取用户角色'), ('api_user_role_remove', '2', '1', '4', '/user/role', '删除用户角色'), ('api_user_star_list', '2', '1', '1', '/user/star', '获取用户关注列表'), ('api_user_star_new', '2', '1', '2', '/user/star', '关注用户'), ('api_user_star_remove', '2', '1', '4', '/user/star', '取消关注的用户'), ('api_user_verify_email', '2', '1', '2', '/user/verify/email', '通过用户邮箱进行安全验证'), ('api_user_verify_mobile', '2', '1', '2', '/user/verify/mobile', '通过用户手机号进行安全验证'), ('api_validation_login_code', '2', '1', '2', '/validation/login/code', '发送登录手机验证码'), ('api_validation_oauth_code', '2', '1', '2', '/validation/login/oauth/code', '发送第三登录后绑定账户验证码'), ('api_validation_register_code', '2', '1', '2', '/validation/register/code', '发送注册手机验证码'), ('api_validation_replace_email_code', '2', '1', '2', '/validation/replace/email/code', '验证替换邮箱验证码'), ('api_validation_replace_mobile_code', '2', '1', '2', '/validation/replace/mobile/code', '验证替换手机号验证码'), ('api_validation_verify_email_code', '2', '1', '2', '/validation/verify/email/code', '验证邮箱验证码'), ('api_validation_verify_mobile_code', '2', '1', '2', '/validation/verify/mobile/code', '验证手机验证码'), ('api_view_list', '2', '1', '1', '/view/list', '获取当前用户浏览 记录'), ('api_websocket', '2', '1', '1', '/websocket', '用户websocket 长连接'), ('api_withdraw', '2', '1', '2', '/withdraw', '请求提现'), ('api_withdraw_config', '2', '1', '1', '/withdraw/config', '获取提现配置'), ('api_withdraw_log', '2', '1', '1', '/withdraw/log', '获取提现日志');

-- ----------------------------
--  Records of `sys_role`
-- ----------------------------
delete from sys_role;
INSERT INTO `sys_role` VALUES ('1', 'guest', '游客', '0', '1', '10012', '0', '0'), ('2', 'user', '用户', '0', '1', '10012', '0', '0'), ('3', 'root', '超级账号', '0', '1', '10012', '0', '0'), ('7', 'admin', '后台管理员', '0', '0', '10012', '1589088907', '16777343');

-- ----------------------------
--  Records of `sys_role_permission`
-- ----------------------------
delete from sys_role_permission;
INSERT INTO `sys_role_permission` VALUES ('1', 'api_answer_group_user', '10012', '1589078629', '16777343'), ('1', 'api_answer_list', '10012', '1589078630', '16777343'), ('1', 'api_answer_version_compare', '10012', '1589078634', '16777343'), ('1', 'api_answer_version_detail', '10012', '1589078638', '16777343'), ('1', 'api_answer_version_list', '10012', '1589078642', '16777343'), ('1', 'api_article_collab', '10012', '1589078645', '16777343'), ('1', 'api_article_comment_child_list', '10012', '1589078648', '16777343'), ('1', 'api_article_comment_root_list', '10012', '1589078652', '16777343'), ('1', 'api_article_detail', '10012', '1589078663', '16777343'), ('1', 'api_article_list', '10012', '1589078666', '16777343'), ('1', 'api_article_related', '10012', '1589078677', '16777343'), ('1', 'api_article_version_compare', '10012', '1589078742', '16777343'), ('1', 'api_article_version_detail', '10012', '1589078744', '16777343'), ('1', 'api_article_version_list', '10012', '1589078746', '16777343'), ('1', 'api_article_view', '10012', '1589078748', '16777343'), ('1', 'api_column_detail', '10012', '1589078755', '16777343'), ('1', 'api_column_list', '10012', '1589078757', '16777343'), ('1', 'api_column_member_list', '10012', '1589078758', '16777343'), ('1', 'api_explore', '10012', '1589078778', '16777343'), ('1', 'api_geetest_get', '10012', '1589078786', '16777343'), ('1', 'api_oauth_alipay', '10012', '1589078801', '16777343'), ('1', 'api_oauth_alipay_callback', '10012', '1589078803', '16777343'), ('1', 'api_oauth_alipay_login', '10012', '1589078806', '16777343'), ('1', 'api_oauth_github', '10012', '1589078809', '16777343'), ('1', 'api_oauth_github_callback', '10012', '1589078810', '16777343'), ('1', 'api_oauth_github_login', '10012', '1589078812', '16777343'), ('1', 'api_path_find', '10012', '1589078815', '16777343'), ('1', 'api_pay_alipay_callback', '10012', '1589078817', '16777343'), ('1', 'api_question_answer_collab', '10012', '1589078825', '16777343'), ('1', 'api_question_answer_comment_child', '10012', '1589078832', '16777343'), ('1', 'api_question_answer_comment_root', '10012', '1589078836', '16777343'), ('1', 'api_question_answer_detail', '10012', '1589078843', '16777343'), ('1', 'api_question_answer_list', '10012', '1589078848', '16777343'), ('1', 'api_question_collab', '10012', '1589078856', '16777343'), ('1', 'api_question_comment_child', '10012', '1589078857', '16777343'), ('1', 'api_question_comment_root', '10012', '1589078861', '16777343'), ('1', 'api_question_detail', '10012', '1589078866', '16777343'), ('1', 'api_question_list', '10012', '1589078869', '16777343'), ('1', 'api_question_related', '10012', '1589078871', '16777343'), ('1', 'api_question_version_compare', '10012', '1589078878', '16777343'), ('1', 'api_question_version_detail', '10012', '1589078880', '16777343'), ('1', 'api_question_version_list', '10012', '1589078881', '16777343'), ('1', 'api_question_view', '10012', '1589078882', '16777343'), ('1', 'api_reward_list', '10012', '1589272045', '16777343'), ('1', 'api_search', '10012', '1589078890', '16777343'), ('1', 'api_tag_collab', '10012', '1589078925', '16777343'), ('1', 'api_tag_detail', '10012', '1589087715', '16777343'), ('1', 'api_tag_group', '10012', '1589078936', '16777343'), ('1', 'api_tag_list', '10012', '1589078937', '16777343'), ('1', 'api_tag_query_by_name', '10012', '1589078943', '16777343'), ('1', 'api_tag_search', '10012', '1589078952', '16777343'), ('1', 'api_tag_version_compare', '10012', '1589078985', '16777343'), ('1', 'api_tag_version_detail', '10012', '1589078987', '16777343'), ('1', 'api_tag_version_list', '10012', '1589078988', '16777343'), ('1', 'api_user_activity', '10012', '1589079013', '16777343'), ('1', 'api_user_detail', '10012', '1589079170', '16777343'), ('1', 'api_user_follower', '10012', '1589079194', '16777343'), ('1', 'api_user_login_account', '10012', '1589079228', '16777343'), ('1', 'api_user_login_mobile', '10012', '1589079229', '16777343'), ('1', 'api_user_me', '10012', '1589081710', '16777343'), ('1', 'api_user_query_name', '10012', '1589079239', '16777343'), ('1', 'api_user_register', '10012', '1589079400', '16777343'), ('1', 'api_user_star_list', '10012', '1589079419', '16777343'), ('2', 'api_answer_group_user', '10012', '1589077571', '16777343'), ('2', 'api_answer_list', '10012', '1589077574', '16777343'), ('2', 'api_answer_star_list', '10012', '1589077580', '16777343'), ('2', 'api_answer_star_new', '10012', '1589077582', '16777343'), ('2', 'api_answer_star_remove', '10012', '1589077583', '16777343'), ('2', 'api_answer_version_compare_user', '10012', '1589077591', '16777343'), ('2', 'api_answer_version_detail_user', '10012', '1589077605', '16777343'), ('2', 'api_answer_version_list_user', '10012', '1589077607', '16777343'), ('2', 'api_article_comment_create', '10012', '1589077628', '16777343'), ('2', 'api_article_comment_delete', '10012', '1589077629', '16777343'), ('2', 'api_article_comment_oppose', '10012', '1589077643', '16777343'), ('2', 'api_article_comment_support', '10012', '1589077648', '16777343'), ('2', 'api_article_content', '10012', '1589077650', '16777343'), ('2', 'api_article_create', '10012', '1589077651', '16777343'), ('2', 'api_article_delete', '10012', '1589077655', '16777343'), ('2', 'api_article_draft', '10012', '1589077659', '16777343'), ('2', 'api_article_draft_delete', '10012', '1589077660', '16777343'), ('2', 'api_article_edit', '10012', '1589077663', '16777343'), ('2', 'api_article_meta', '10012', '1589077664', '16777343'), ('2', 'api_article_oppose', '10012', '1589077666', '16777343'), ('2', 'api_article_publish', '10012', '1589077667', '16777343'), ('2', 'api_article_rollback', '10012', '1589077671', '16777343'), ('2', 'api_article_star_list', '10012', '1589077672', '16777343'), ('2', 'api_article_star_new', '10012', '1589077673', '16777343'), ('2', 'api_article_star_remove', '10012', '1589077674', '16777343'), ('2', 'api_article_support', '10012', '1589077676', '16777343'), ('2', 'api_column_create', '10012', '1589077710', '16777343'), ('2', 'api_column_query_name', '10012', '1589077755', '16777343'), ('2', 'api_column_setting', '10012', '1589077759', '16777343'), ('2', 'api_column_star_list', '10012', '1589077797', '16777343'), ('2', 'api_column_star_new', '10012', '1589077797', '16777343'), ('2', 'api_column_star_remove', '10012', '1589077799', '16777343'), ('2', 'api_editor_crypto', '10012', '1589077801', '16777343'), ('2', 'api_notifications_count', '10012', '1589077806', '16777343'), ('2', 'api_notifications_delete', '10012', '1589077808', '16777343'), ('2', 'api_notifications_list', '10012', '1589077810', '16777343'), ('2', 'api_notifications_settings', '10012', '1589077811', '16777343'), ('2', 'api_notifications_settings_update', '10012', '1589077814', '16777343'), ('2', 'api_notifications_update_unread', '10012', '1589077818', '16777343'), ('2', 'api_pay_alipay_precreate', '10012', '1589077871', '16777343'), ('2', 'api_pay_alipay_query', '10012', '1589077875', '16777343'), ('2', 'api_pay_log', '10012', '1589077876', '16777343'), ('2', 'api_question_adopt', '10012', '1589077886', '16777343'), ('2', 'api_question_answer_collab', '10012', '1589077887', '16777343'), ('2', 'api_question_answer_comment_create', '10012', '1589077890', '16777343'), ('2', 'api_question_answer_comment_delete', '10012', '1589077891', '16777343'), ('2', 'api_question_answer_comment_oppose', '10012', '1589077901', '16777343'), ('2', 'api_question_answer_comment_support', '10012', '1589077903', '16777343'), ('2', 'api_question_answer_content', '10012', '1589077907', '16777343'), ('2', 'api_question_answer_create', '10012', '1589077909', '16777343'), ('2', 'api_question_answer_delete', '10012', '1589077909', '16777343'), ('2', 'api_question_answer_draft', '10012', '1589077930', '16777343'), ('2', 'api_question_answer_draft_delete', '10012', '1589077933', '16777343'), ('2', 'api_question_answer_edit', '10012', '1589077936', '16777343'), ('2', 'api_question_answer_oppose', '10012', '1589077941', '16777343'), ('2', 'api_question_answer_publish', '10012', '1589077942', '16777343'), ('2', 'api_question_answer_revoke', '10012', '1589077943', '16777343'), ('2', 'api_question_answer_rollback', '10012', '1589077945', '16777343'), ('2', 'api_question_answer_rollback_notpublish', '10012', '1589077946', '16777343'), ('2', 'api_question_answer_support', '10012', '1589077948', '16777343'), ('2', 'api_question_comment_create', '10012', '1589077952', '16777343'), ('2', 'api_question_comment_delete', '10012', '1589077954', '16777343'), ('2', 'api_question_comment_oppose', '10012', '1589077959', '16777343'), ('2', 'api_question_comment_support', '10012', '1589077962', '16777343'), ('2', 'api_question_content', '10012', '1589077964', '16777343'), ('2', 'api_question_create', '10012', '1589077965', '16777343'), ('2', 'api_question_delete', '10012', '1589077970', '16777343'), ('2', 'api_question_draft', '10012', '1589077977', '16777343'), ('2', 'api_question_draft_delete', '10012', '1589077979', '16777343'), ('2', 'api_question_edit', '10012', '1589077982', '16777343'), ('2', 'api_question_publish', '10012', '1589078118', '16777343'), ('2', 'api_question_rollback', '10012', '1589078120', '16777343'), ('2', 'api_question_star_list', '10012', '1589078143', '16777343'), ('2', 'api_question_star_new', '10012', '1589078144', '16777343'), ('2', 'api_question_star_remove', '10012', '1589078144', '16777343'), ('2', 'api_report_post', '10012', '1589078155', '16777343'), ('2', 'api_reward_config', '10012', '1589078156', '16777343'), ('2', 'api_reward_do', '10012', '1589268481', '16777343'), ('2', 'api_tag_content', '10012', '1589078195', '16777343'), ('2', 'api_tag_create', '10012', '1589078196', '16777343'), ('2', 'api_tag_edit', '10012', '1589078197', '16777343'), ('2', 'api_tag_publish', '10012', '1589078201', '16777343'), ('2', 'api_tag_rollback', '10012', '1589078212', '16777343'), ('2', 'api_tag_star_list', '10012', '1589078222', '16777343'), ('2', 'api_tag_star_new', '10012', '1589078223', '16777343'), ('2', 'api_tag_star_remove', '10012', '1589078224', '16777343'), ('2', 'api_tag_user_draft', '10012', '1589078226', '16777343'), ('2', 'api_tag_user_draft_delete', '10012', '1589078227', '16777343'), ('2', 'api_third_account', '10012', '1589078273', '16777343'), ('2', 'api_third_account_delete', '10012', '1589078274', '16777343'), ('2', 'api_upload_doc', '10012', '1589078275', '16777343'), ('2', 'api_upload_file', '10012', '1589078277', '16777343'), ('2', 'api_upload_image', '10012', '1589078278', '16777343'), ('2', 'api_upload_video', '10012', '1589078290', '16777343'), ('2', 'api_user_account', '10012', '1589078293', '16777343'), ('2', 'api_user_bank_me', '10012', '1589078303', '16777343'), ('2', 'api_user_bank_me_log', '10012', '1589078304', '16777343'), ('2', 'api_user_draft_delete', '10012', '1589078310', '16777343'), ('2', 'api_user_draft_get', '10012', '1589078311', '16777343'), ('2', 'api_user_email_update', '10012', '1589078314', '16777343'), ('2', 'api_user_logout', '10012', '1589078364', '16777343'), ('2', 'api_user_me', '10012', '1589078367', '16777343'), ('2', 'api_user_mobile_update', '10012', '1589078370', '16777343'), ('2', 'api_user_password_update', '10012', '1589078371', '16777343'), ('2', 'api_user_path_update', '10012', '1589078373', '16777343'), ('2', 'api_user_profile_update', '10012', '1589078379', '16777343'), ('2', 'api_user_star_new', '10012', '1589078434', '16777343'), ('2', 'api_user_star_remove', '10012', '1589078466', '16777343'), ('2', 'api_user_verify_email', '10012', '1589078519', '16777343'), ('2', 'api_user_verify_mobile', '10012', '1589078520', '16777343'), ('2', 'api_validation_replace_email_code', '10012', '1589078531', '16777343'), ('2', 'api_validation_replace_mobile_code', '10012', '1589078532', '16777343'), ('2', 'api_validation_verify_email_code', '10012', '1589078579', '16777343'), ('2', 'api_validation_verify_mobile_code', '10012', '1589078579', '16777343'), ('2', 'api_view_list', '10012', '1589078603', '16777343'), ('2', 'api_websocket', '10012', '1589078605', '16777343'), ('2', 'api_withdraw', '10012', '1589078607', '16777343'), ('2', 'api_withdraw_config', '10012', '1589078609', '16777343'), ('2', 'api_withdraw_log', '10012', '1589078610', '16777343'), ('3', 'admin_login', '10012', '1589163478', '16777343'), ('3', 'admin_system_permission_add', '10012', '1589173621', '16777343'), ('3', 'admin_system_permission_list', '10012', '1589173622', '16777343'), ('3', 'admin_system_permission_query_name', '10012', '1589173623', '16777343'), ('3', 'admin_system_permission_remove', '10012', '1589173627', '16777343'), ('3', 'admin_system_permission_update', '10012', '1589173629', '16777343'), ('3', 'admin_system_role_add', '10012', '1589173631', '16777343'), ('3', 'admin_system_role_list', '10012', '1589173630', '16777343'), ('3', 'admin_system_role_permission', '10012', '1589173632', '16777343'), ('3', 'admin_system_role_permission_add', '10012', '1589173633', '16777343'), ('3', 'admin_system_role_permission_remove', '10012', '1589173635', '16777343'), ('3', 'admin_system_role_query_name', '10012', '1589173636', '16777343'), ('3', 'admin_system_role_remove', '10012', '1589173637', '16777343'), ('3', 'admin_system_role_update', '10012', '1589180873', '16777343'), ('3', 'admin_user_bank_credit_config', '10012', '1589174210', '16777343'), ('3', 'admin_user_bank_credit_config_update', '10012', '1589174212', '16777343'), ('3', 'admin_user_bank_score_config', '10012', '1589174213', '16777343'), ('3', 'admin_user_bank_score_config_update', '10012', '1589174214', '16777343'), ('3', 'admin_user_list', '10012', '1589173639', '16777343'), ('3', 'admin_user_rank_add', '10012', '1589173639', '16777343'), ('3', 'admin_user_rank_list', '10012', '1589173641', '16777343'), ('3', 'admin_user_rank_query_name', '10012', '1589173642', '16777343'), ('3', 'admin_user_rank_remove', '10012', '1589173647', '16777343'), ('3', 'admin_user_rank_role_add', '10012', '1589173647', '16777343'), ('3', 'admin_user_rank_role_list', '10012', '1589173648', '16777343'), ('3', 'admin_user_rank_role_remove', '10012', '1589173652', '16777343'), ('3', 'admin_user_rank_update', '10012', '1589173651', '16777343'), ('3', 'admin_user_role_add', '10012', '1589179785', '16777343'), ('3', 'admin_user_role_list', '10012', '1589179786', '16777343'), ('3', 'admin_user_role_remove', '10012', '1589179787', '16777343'), ('3', 'api_answer_group_user', '10012', '0', '0'), ('3', 'api_answer_list', '10012', '0', '0'), ('3', 'api_answer_star_list', '10012', '0', '0'), ('3', 'api_answer_star_new', '10012', '0', '0'), ('3', 'api_answer_star_remove', '10012', '0', '0'), ('3', 'api_answer_version_compare', '10012', '0', '0'), ('3', 'api_answer_version_compare_user', '10012', '0', '0'), ('3', 'api_answer_version_detail', '10012', '0', '0'), ('3', 'api_answer_version_detail_user', '10012', '0', '0'), ('3', 'api_answer_version_list', '10012', '0', '0'), ('3', 'api_answer_version_list_user', '10012', '0', '0'), ('3', 'api_article_collab', '10012', '0', '0'), ('3', 'api_article_comment_child_list', '10012', '0', '0'), ('3', 'api_article_comment_create', '10012', '0', '0'), ('3', 'api_article_comment_delete', '10012', '0', '0'), ('3', 'api_article_comment_oppose', '10012', '0', '0'), ('3', 'api_article_comment_root_list', '10012', '0', '0'), ('3', 'api_article_comment_support', '10012', '0', '0'), ('3', 'api_article_content', '10012', '0', '0'), ('3', 'api_article_create', '10012', '0', '0'), ('3', 'api_article_delete', '10012', '0', '0'), ('3', 'api_article_detail', '10012', '0', '0'), ('3', 'api_article_draft', '10012', '0', '0'), ('3', 'api_article_draft_delete', '10012', '0', '0'), ('3', 'api_article_edit', '10012', '0', '0'), ('3', 'api_article_list', '10012', '0', '0'), ('3', 'api_article_meta', '10012', '0', '0'), ('3', 'api_article_oppose', '10012', '0', '0'), ('3', 'api_article_publish', '10012', '0', '0'), ('3', 'api_article_related', '10012', '0', '0'), ('3', 'api_article_rollback', '10012', '0', '0'), ('3', 'api_article_star_list', '10012', '0', '0'), ('3', 'api_article_star_new', '10012', '0', '0'), ('3', 'api_article_star_remove', '10012', '0', '0'), ('3', 'api_article_support', '10012', '0', '0'), ('3', 'api_article_version_compare', '10012', '0', '0'), ('3', 'api_article_version_detail', '10012', '0', '0'), ('3', 'api_article_version_list', '10012', '0', '0'), ('3', 'api_article_view', '10012', '0', '0'), ('3', 'api_column_create', '10012', '0', '0'), ('3', 'api_column_detail', '10012', '0', '0'), ('3', 'api_column_list', '10012', '0', '0'), ('3', 'api_column_member_list', '10012', '0', '0'), ('3', 'api_column_query_name', '10012', '0', '0'), ('3', 'api_column_setting', '10012', '0', '0'), ('3', 'api_column_star_list', '10012', '0', '0'), ('3', 'api_column_star_new', '10012', '0', '0'), ('3', 'api_column_star_remove', '10012', '0', '0'), ('3', 'api_editor_crypto', '10012', '0', '0'), ('3', 'api_explore', '10012', '0', '0'), ('3', 'api_geetest_get', '10012', '0', '0'), ('3', 'api_notifications_count', '10012', '0', '0'), ('3', 'api_notifications_delete', '10012', '0', '0'), ('3', 'api_notifications_list', '10012', '0', '0'), ('3', 'api_notifications_settings', '10012', '0', '0'), ('3', 'api_notifications_settings_update', '10012', '0', '0'), ('3', 'api_notifications_update_unread', '10012', '0', '0'), ('3', 'api_oauth_alipay', '10012', '0', '0'), ('3', 'api_oauth_alipay_callback', '10012', '0', '0'), ('3', 'api_oauth_alipay_login', '10012', '0', '0'), ('3', 'api_oauth_github', '10012', '0', '0'), ('3', 'api_oauth_github_callback', '10012', '0', '0'), ('3', 'api_oauth_github_login', '10012', '0', '0'), ('3', 'api_path_find', '10012', '0', '0'), ('3', 'api_pay_alipay_callback', '10012', '0', '0'), ('3', 'api_pay_alipay_precreate', '10012', '0', '0'), ('3', 'api_pay_alipay_query', '10012', '0', '0'), ('3', 'api_pay_log', '10012', '0', '0'), ('3', 'api_preview', '10012', '0', '0'), ('3', 'api_question_adopt', '10012', '0', '0'), ('3', 'api_question_answer_collab', '10012', '0', '0'), ('3', 'api_question_answer_comment_child', '10012', '0', '0'), ('3', 'api_question_answer_comment_create', '10012', '0', '0'), ('3', 'api_question_answer_comment_delete', '10012', '0', '0'), ('3', 'api_question_answer_comment_oppose', '10012', '0', '0'), ('3', 'api_question_answer_comment_root', '10012', '0', '0'), ('3', 'api_question_answer_comment_support', '10012', '0', '0'), ('3', 'api_question_answer_content', '10012', '0', '0'), ('3', 'api_question_answer_create', '10012', '0', '0'), ('3', 'api_question_answer_delete', '10012', '0', '0'), ('3', 'api_question_answer_detail', '10012', '0', '0'), ('3', 'api_question_answer_draft', '10012', '0', '0'), ('3', 'api_question_answer_draft_delete', '10012', '0', '0'), ('3', 'api_question_answer_edit', '10012', '0', '0'), ('3', 'api_question_answer_list', '10012', '0', '0'), ('3', 'api_question_answer_oppose', '10012', '0', '0'), ('3', 'api_question_answer_publish', '10012', '0', '0'), ('3', 'api_question_answer_revoke', '10012', '0', '0'), ('3', 'api_question_answer_rollback', '10012', '0', '0'), ('3', 'api_question_answer_rollback_notpublish', '10012', '0', '0'), ('3', 'api_question_answer_support', '10012', '0', '0'), ('3', 'api_question_collab', '10012', '0', '0'), ('3', 'api_question_comment_child', '10012', '0', '0'), ('3', 'api_question_comment_create', '10012', '0', '0'), ('3', 'api_question_comment_delete', '10012', '0', '0'), ('3', 'api_question_comment_oppose', '10012', '0', '0'), ('3', 'api_question_comment_root', '10012', '0', '0'), ('3', 'api_question_comment_support', '10012', '0', '0'), ('3', 'api_question_content', '10012', '0', '0'), ('3', 'api_question_create', '10012', '0', '0'), ('3', 'api_question_delete', '10012', '0', '0'), ('3', 'api_question_detail', '10012', '0', '0'), ('3', 'api_question_draft', '10012', '0', '0'), ('3', 'api_question_draft_delete', '10012', '0', '0'), ('3', 'api_question_edit', '10012', '0', '0'), ('3', 'api_question_list', '10012', '0', '0'), ('3', 'api_question_meta', '10012', '0', '0'), ('3', 'api_question_publish', '10012', '0', '0'), ('3', 'api_question_related', '10012', '0', '0'), ('3', 'api_question_rollback', '10012', '0', '0'), ('3', 'api_question_star_list', '10012', '0', '0'), ('3', 'api_question_star_new', '10012', '0', '0'), ('3', 'api_question_star_remove', '10012', '0', '0'), ('3', 'api_question_version_compare', '10012', '0', '0'), ('3', 'api_question_version_detail', '10012', '0', '0'), ('3', 'api_question_version_list', '10012', '0', '0'), ('3', 'api_question_view', '10012', '0', '0'), ('3', 'api_report_post', '10012', '0', '0'), ('3', 'api_reward_config', '10012', '0', '0'), ('3', 'api_reward_do', '10012', '1589268348', '16777343'), ('3', 'api_reward_list', '10012', '1589271957', '16777343'), ('3', 'api_search', '10012', '0', '0'), ('3', 'api_system_permission', '10012', '0', '0'), ('3', 'api_system_permission_add', '10012', '0', '0'), ('3', 'api_system_permission_query_name', '10012', '0', '0'), ('3', 'api_system_permission_remove', '10012', '0', '0'), ('3', 'api_system_permission_update', '10012', '0', '0'), ('3', 'api_system_role', '10012', '0', '0'), ('3', 'api_system_role_add', '10012', '0', '0'), ('3', 'api_system_role_permission', '10012', '0', '0'), ('3', 'api_system_role_permission_add', '10012', '0', '0'), ('3', 'api_system_role_permission_remove', '10012', '0', '0'), ('3', 'api_system_role_query_name', '10012', '0', '0'), ('3', 'api_system_role_remove', '10012', '0', '0'), ('3', 'api_system_role_update', '10012', '0', '0'), ('3', 'api_tag_collab', '10012', '0', '0'), ('3', 'api_tag_content', '10012', '0', '0'), ('3', 'api_tag_create', '10012', '0', '0'), ('3', 'api_tag_detail', '10012', '0', '0'), ('3', 'api_tag_edit', '10012', '0', '0'), ('3', 'api_tag_group', '10012', '0', '0'), ('3', 'api_tag_list', '10012', '0', '0'), ('3', 'api_tag_publish', '10012', '0', '0'), ('3', 'api_tag_query_by_name', '10012', '0', '0'), ('3', 'api_tag_rollback', '10012', '0', '0'), ('3', 'api_tag_search', '10012', '0', '0'), ('3', 'api_tag_star_list', '10012', '0', '0'), ('3', 'api_tag_star_new', '10012', '0', '0'), ('3', 'api_tag_star_remove', '10012', '0', '0'), ('3', 'api_tag_user_draft', '10012', '0', '0'), ('3', 'api_tag_user_draft_delete', '10012', '0', '0'), ('3', 'api_tag_version_compare', '10012', '0', '0'), ('3', 'api_tag_version_detail', '10012', '0', '0'), ('3', 'api_tag_version_list', '10012', '0', '0'), ('3', 'api_third_account', '10012', '0', '0'), ('3', 'api_third_account_delete', '10012', '0', '0'), ('3', 'api_upload_doc', '10012', '0', '0'), ('3', 'api_upload_file', '10012', '0', '0'), ('3', 'api_upload_image', '10012', '0', '0'), ('3', 'api_upload_video', '10012', '0', '0'), ('3', 'api_user_account', '10012', '0', '0'), ('3', 'api_user_activity', '10012', '0', '0'), ('3', 'api_user_answer_list', '10012', '0', '0'), ('3', 'api_user_article_list', '10012', '0', '0'), ('3', 'api_user_bank_credit_config', '10012', '0', '0'), ('3', 'api_user_bank_credit_config_update', '10012', '0', '0'), ('3', 'api_user_bank_me', '10012', '0', '0'), ('3', 'api_user_bank_me_log', '10012', '0', '0'), ('3', 'api_user_bank_score_config', '10012', '0', '0'), ('3', 'api_user_bank_score_config_update', '10012', null, null), ('3', 'api_user_detail', '10012', '0', '0'), ('3', 'api_user_draft_delete', '10012', '0', '0'), ('3', 'api_user_draft_get', '10012', '0', '0'), ('3', 'api_user_email_update', '10012', '0', '0'), ('3', 'api_user_follower', '10012', '0', '0'), ('3', 'api_user_list', '10012', '0', '0'), ('3', 'api_user_login_account', '10012', '0', '0'), ('3', 'api_user_login_mobile', '10012', '0', '0'), ('3', 'api_user_logout', '10012', '0', '0'), ('3', 'api_user_me', '10012', '0', '0'), ('3', 'api_user_mobile_update', '10012', '0', '0'), ('3', 'api_user_password_update', '10012', '0', '0'), ('3', 'api_user_path_update', '10012', '0', '0'), ('3', 'api_user_privacy', '10012', '0', '0'), ('3', 'api_user_profile_update', '10012', '0', '0'), ('3', 'api_user_query_name', '10012', '0', '0'), ('3', 'api_user_question', '10012', '0', '0'), ('3', 'api_user_rank_add', '10012', '0', '0'), ('3', 'api_user_rank_list', '10012', '0', '0'), ('3', 'api_user_rank_query_name', '10012', '0', '0'), ('3', 'api_user_rank_remove', '10012', '0', '0'), ('3', 'api_user_rank_role_add', '10012', '0', '0'), ('3', 'api_user_rank_role_list', '10012', '0', '0'), ('3', 'api_user_rank_role_remove', '10012', '0', '0'), ('3', 'api_user_rank_update', '10012', '0', '0'), ('3', 'api_user_register', '10012', '0', '0'), ('3', 'api_user_role_add', '10012', '0', '0'), ('3', 'api_user_role_list', '10012', '0', '0'), ('3', 'api_user_role_remove', '10012', '0', '0'), ('3', 'api_user_star_list', '10012', '0', '0'), ('3', 'api_user_star_new', '10012', '0', '0'), ('3', 'api_user_star_remove', '10012', '0', '0'), ('3', 'api_user_verify_email', '10012', '0', '0'), ('3', 'api_user_verify_mobile', '10012', '0', '0'), ('3', 'api_validation_login_code', '10012', '0', '0'), ('3', 'api_validation_oauth_code', '10012', '0', '0'), ('3', 'api_validation_register_code', '10012', '0', '0'), ('3', 'api_validation_replace_email_code', '10012', '0', '0'), ('3', 'api_validation_replace_mobile_code', '10012', '0', '0'), ('3', 'api_validation_verify_email_code', '10012', '0', '0'), ('3', 'api_validation_verify_mobile_code', '10012', '0', '0'), ('3', 'api_view_list', '10012', '0', '0'), ('3', 'api_websocket', '10012', '0', '0'), ('3', 'api_withdraw', '10012', '0', '0'), ('3', 'api_withdraw_config', '10012', '0', '0'), ('3', 'api_withdraw_log', '10012', '0', '0'), ('7', 'admin_login', '10012', '1589169328', '16777343'), ('7', 'admin_system_permission_list', '10012', '1589172096', '16777343'), ('7', 'admin_system_role_add', '10012', '1589180061', '16777343'), ('7', 'admin_system_role_list', '10012', '1589180062', '16777343'), ('7', 'admin_system_role_permission', '10012', '1589180066', '16777343'), ('7', 'admin_system_role_permission_add', '10012', '1589180067', '16777343'), ('7', 'admin_system_role_permission_remove', '10012', '1589180072', '16777343'), ('7', 'admin_system_role_query_name', '10012', '1589180073', '16777343'), ('7', 'admin_system_role_remove', '10012', '1589180075', '16777343'), ('7', 'admin_system_role_update', '10012', '1589180922', '16777343'), ('7', 'admin_user_list', '10012', '1589181101', '16777343');
-- ----------------------------
--  Records of `user_notification_display_default`
-- ----------------------------
delete from user_notification_display_default;
INSERT INTO `user_notification_display_default` VALUES ('1', '1', '1'), ('1', '3', '1'), ('1', '4', '1'), ('1', '5', '1'), ('2', '3', '1'), ('2', '4', '1'), ('2', '6', '1'), ('2', '7', '1'), ('2', '8', '1'), ('3', '2', '1'), ('3', '3', '1'), ('3', '4', '1'), ('3', '6', '1'), ('3', '7', '1'), ('3', '8', '1'), ('4', '3', '1'), ('4', '4', '1'), ('11', '3', '1'), ('15', '11', '1'), ('18', '3', '1'), ('18', '4', '1');

-- ----------------------------
--  Records of `user_rank`
-- ----------------------------
delete from user_rank;
INSERT INTO `user_rank` VALUES ('1', '黑铁', '-999999999', '14', '0', '0', '0'), ('2', '青铜', '15', '100', '0', '0', '0'), ('3', '白银', '101', '500', '0', '0', '0'), ('4', '黄金', '501', '1500', '0', '0', '0'), ('5', '白金', '1501', '2500', '0', '0', '0'), ('6', '钻石', '2501', '5000', '0', '0', '0'), ('7', '大师', '5001', '10000', '0', '0', '0'), ('8', '宗师', '10001', '50000', '0', '0', '0'), ('9', '王者', '50001', '999999999', '0', '0', '0');
